<annotation>
	<folder>spiders</folder>
	<filename>spider5.jpg</filename>
	<path>C:\Users\Ares\Downloads\spiders\spiders\spider5.jpg</path>
	<source>
		<database>Unknown</database>
	</source>
	<size>
		<width>1800</width>
		<height>1197</height>
		<depth>3</depth>
	</size>
	<segmented>0</segmented>
	<object>
		<name>spider</name>
		<pose>Unspecified</pose>
		<truncated>1</truncated>
		<difficult>0</difficult>
		<bndbox>
			<xmin>68</xmin>
			<ymin>26</ymin>
			<xmax>1800</xmax>
			<ymax>1177</ymax>
		</bndbox>
	</object>
</annotation>
