<annotation>
	<folder>spiders</folder>
	<filename>spider1.jpg</filename>
	<path>C:\Users\Ares\Downloads\spiders\spiders\spider1.jpg</path>
	<source>
		<database>Unknown</database>
	</source>
	<size>
		<width>660</width>
		<height>371</height>
		<depth>3</depth>
	</size>
	<segmented>0</segmented>
	<object>
		<name>spider</name>
		<pose>Unspecified</pose>
		<truncated>0</truncated>
		<difficult>0</difficult>
		<bndbox>
			<xmin>176</xmin>
			<ymin>4</ymin>
			<xmax>528</xmax>
			<ymax>348</ymax>
		</bndbox>
	</object>
</annotation>
