<annotation>
	<folder>spiders</folder>
	<filename>spider8.jpg</filename>
	<path>C:\Users\Ares\Downloads\spiders\spiders\spider8.jpg</path>
	<source>
		<database>Unknown</database>
	</source>
	<size>
		<width>480</width>
		<height>325</height>
		<depth>3</depth>
	</size>
	<segmented>0</segmented>
	<object>
		<name>spider</name>
		<pose>Unspecified</pose>
		<truncated>1</truncated>
		<difficult>0</difficult>
		<bndbox>
			<xmin>56</xmin>
			<ymin>23</ymin>
			<xmax>444</xmax>
			<ymax>325</ymax>
		</bndbox>
	</object>
</annotation>
