<annotation>
	<folder>spiders</folder>
	<filename>spider14.jpg</filename>
	<path>C:\Users\Ares\Downloads\spiders\spiders\spider14.jpg</path>
	<source>
		<database>Unknown</database>
	</source>
	<size>
		<width>1300</width>
		<height>895</height>
		<depth>3</depth>
	</size>
	<segmented>0</segmented>
	<object>
		<name>spider</name>
		<pose>Unspecified</pose>
		<truncated>0</truncated>
		<difficult>0</difficult>
		<bndbox>
			<xmin>133</xmin>
			<ymin>21</ymin>
			<xmax>1194</xmax>
			<ymax>880</ymax>
		</bndbox>
	</object>
</annotation>
