<annotation>
	<folder>spiders</folder>
	<filename>spider6.jpg</filename>
	<path>C:\Users\Ares\Downloads\spiders\spiders\spider6.jpg</path>
	<source>
		<database>Unknown</database>
	</source>
	<size>
		<width>835</width>
		<height>471</height>
		<depth>3</depth>
	</size>
	<segmented>0</segmented>
	<object>
		<name>spider</name>
		<pose>Unspecified</pose>
		<truncated>0</truncated>
		<difficult>0</difficult>
		<bndbox>
			<xmin>131</xmin>
			<ymin>40</ymin>
			<xmax>239</xmax>
			<ymax>171</ymax>
		</bndbox>
	</object>
	<object>
		<name>spider</name>
		<pose>Unspecified</pose>
		<truncated>0</truncated>
		<difficult>0</difficult>
		<bndbox>
			<xmin>238</xmin>
			<ymin>85</ymin>
			<xmax>335</xmax>
			<ymax>235</ymax>
		</bndbox>
	</object>
	<object>
		<name>spider</name>
		<pose>Unspecified</pose>
		<truncated>0</truncated>
		<difficult>0</difficult>
		<bndbox>
			<xmin>205</xmin>
			<ymin>193</ymin>
			<xmax>363</xmax>
			<ymax>317</ymax>
		</bndbox>
	</object>
	<object>
		<name>spider</name>
		<pose>Unspecified</pose>
		<truncated>0</truncated>
		<difficult>0</difficult>
		<bndbox>
			<xmin>10</xmin>
			<ymin>235</ymin>
			<xmax>122</xmax>
			<ymax>338</ymax>
		</bndbox>
	</object>
	<object>
		<name>spider</name>
		<pose>Unspecified</pose>
		<truncated>0</truncated>
		<difficult>0</difficult>
		<bndbox>
			<xmin>59</xmin>
			<ymin>308</ymin>
			<xmax>217</xmax>
			<ymax>452</ymax>
		</bndbox>
	</object>
	<object>
		<name>spider</name>
		<pose>Unspecified</pose>
		<truncated>1</truncated>
		<difficult>0</difficult>
		<bndbox>
			<xmin>188</xmin>
			<ymin>360</ymin>
			<xmax>309</xmax>
			<ymax>471</ymax>
		</bndbox>
	</object>
	<object>
		<name>spider</name>
		<pose>Unspecified</pose>
		<truncated>0</truncated>
		<difficult>0</difficult>
		<bndbox>
			<xmin>337</xmin>
			<ymin>330</ymin>
			<xmax>488</xmax>
			<ymax>455</ymax>
		</bndbox>
	</object>
	<object>
		<name>spider</name>
		<pose>Unspecified</pose>
		<truncated>1</truncated>
		<difficult>0</difficult>
		<bndbox>
			<xmin>506</xmin>
			<ymin>383</ymin>
			<xmax>605</xmax>
			<ymax>471</ymax>
		</bndbox>
	</object>
	<object>
		<name>spider</name>
		<pose>Unspecified</pose>
		<truncated>0</truncated>
		<difficult>0</difficult>
		<bndbox>
			<xmin>671</xmin>
			<ymin>172</ymin>
			<xmax>764</xmax>
			<ymax>317</ymax>
		</bndbox>
	</object>
	<object>
		<name>spider</name>
		<pose>Unspecified</pose>
		<truncated>0</truncated>
		<difficult>0</difficult>
		<bndbox>
			<xmin>532</xmin>
			<ymin>189</ymin>
			<xmax>676</xmax>
			<ymax>309</ymax>
		</bndbox>
	</object>
	<object>
		<name>spider</name>
		<pose>Unspecified</pose>
		<truncated>0</truncated>
		<difficult>0</difficult>
		<bndbox>
			<xmin>742</xmin>
			<ymin>100</ymin>
			<xmax>811</xmax>
			<ymax>195</ymax>
		</bndbox>
	</object>
	<object>
		<name>spider</name>
		<pose>Unspecified</pose>
		<truncated>0</truncated>
		<difficult>0</difficult>
		<bndbox>
			<xmin>635</xmin>
			<ymin>11</ymin>
			<xmax>753</xmax>
			<ymax>107</ymax>
		</bndbox>
	</object>
	<object>
		<name>spider</name>
		<pose>Unspecified</pose>
		<truncated>0</truncated>
		<difficult>0</difficult>
		<bndbox>
			<xmin>563</xmin>
			<ymin>85</ymin>
			<xmax>659</xmax>
			<ymax>182</ymax>
		</bndbox>
	</object>
	<object>
		<name>spider</name>
		<pose>Unspecified</pose>
		<truncated>0</truncated>
		<difficult>0</difficult>
		<bndbox>
			<xmin>452</xmin>
			<ymin>119</ymin>
			<xmax>564</xmax>
			<ymax>233</ymax>
		</bndbox>
	</object>
	<object>
		<name>spider</name>
		<pose>Unspecified</pose>
		<truncated>0</truncated>
		<difficult>0</difficult>
		<bndbox>
			<xmin>364</xmin>
			<ymin>22</ymin>
			<xmax>504</xmax>
			<ymax>128</ymax>
		</bndbox>
	</object>
	<object>
		<name>spider</name>
		<pose>Unspecified</pose>
		<truncated>1</truncated>
		<difficult>0</difficult>
		<bndbox>
			<xmin>515</xmin>
			<ymin>1</ymin>
			<xmax>652</xmax>
			<ymax>70</ymax>
		</bndbox>
	</object>
</annotation>
