<annotation>
	<folder>spiders</folder>
	<filename>spider11.jpg</filename>
	<path>C:\Users\Ares\Downloads\spiders\spiders\spider11.jpg</path>
	<source>
		<database>Unknown</database>
	</source>
	<size>
		<width>2048</width>
		<height>2048</height>
		<depth>3</depth>
	</size>
	<segmented>0</segmented>
	<object>
		<name>spider</name>
		<pose>Unspecified</pose>
		<truncated>1</truncated>
		<difficult>0</difficult>
		<bndbox>
			<xmin>26</xmin>
			<ymin>21</ymin>
			<xmax>2048</xmax>
			<ymax>2023</ymax>
		</bndbox>
	</object>
</annotation>
