<annotation>
	<folder>spiders</folder>
	<filename>spider12.jpg</filename>
	<path>C:\Users\Ares\Downloads\spiders\spiders\spider12.jpg</path>
	<source>
		<database>Unknown</database>
	</source>
	<size>
		<width>640</width>
		<height>426</height>
		<depth>3</depth>
	</size>
	<segmented>0</segmented>
	<object>
		<name>spider</name>
		<pose>Unspecified</pose>
		<truncated>0</truncated>
		<difficult>0</difficult>
		<bndbox>
			<xmin>63</xmin>
			<ymin>28</ymin>
			<xmax>621</xmax>
			<ymax>389</ymax>
		</bndbox>
	</object>
</annotation>
