<annotation>
	<folder>spiders</folder>
	<filename>spider19.jpg</filename>
	<path>C:\Users\Ares\Downloads\spiders\spiders\spider19.jpg</path>
	<source>
		<database>Unknown</database>
	</source>
	<size>
		<width>1484</width>
		<height>1026</height>
		<depth>3</depth>
	</size>
	<segmented>0</segmented>
	<object>
		<name>spider</name>
		<pose>Unspecified</pose>
		<truncated>0</truncated>
		<difficult>0</difficult>
		<bndbox>
			<xmin>309</xmin>
			<ymin>26</ymin>
			<xmax>1226</xmax>
			<ymax>988</ymax>
		</bndbox>
	</object>
</annotation>
