<annotation>
	<folder>spiders</folder>
	<filename>spider21.jpg</filename>
	<path>C:\Users\Ares\Downloads\spiders\spiders\spider21.jpg</path>
	<source>
		<database>Unknown</database>
	</source>
	<size>
		<width>260</width>
		<height>194</height>
		<depth>3</depth>
	</size>
	<segmented>0</segmented>
	<object>
		<name>spider</name>
		<pose>Unspecified</pose>
		<truncated>1</truncated>
		<difficult>0</difficult>
		<bndbox>
			<xmin>36</xmin>
			<ymin>1</ymin>
			<xmax>202</xmax>
			<ymax>194</ymax>
		</bndbox>
	</object>
</annotation>
