<annotation>
	<folder>spiders</folder>
	<filename>spider9.jpg</filename>
	<path>C:\Users\Ares\Downloads\spiders\spiders\spider9.jpg</path>
	<source>
		<database>Unknown</database>
	</source>
	<size>
		<width>250</width>
		<height>345</height>
		<depth>3</depth>
	</size>
	<segmented>0</segmented>
	<object>
		<name>spider</name>
		<pose>Unspecified</pose>
		<truncated>0</truncated>
		<difficult>0</difficult>
		<bndbox>
			<xmin>28</xmin>
			<ymin>34</ymin>
			<xmax>230</xmax>
			<ymax>339</ymax>
		</bndbox>
	</object>
</annotation>
