<annotation>
	<folder>spiders</folder>
	<filename>spider13.jpg</filename>
	<path>C:\Users\Ares\Downloads\spiders\spiders\spider13.jpg</path>
	<source>
		<database>Unknown</database>
	</source>
	<size>
		<width>1200</width>
		<height>1200</height>
		<depth>3</depth>
	</size>
	<segmented>0</segmented>
	<object>
		<name>spider</name>
		<pose>Unspecified</pose>
		<truncated>1</truncated>
		<difficult>0</difficult>
		<bndbox>
			<xmin>8</xmin>
			<ymin>309</ymin>
			<xmax>1200</xmax>
			<ymax>1054</ymax>
		</bndbox>
	</object>
</annotation>
