<annotation>
	<folder>spiders</folder>
	<filename>spider17.jpg</filename>
	<path>C:\Users\Ares\Downloads\spiders\spiders\spider17.jpg</path>
	<source>
		<database>Unknown</database>
	</source>
	<size>
		<width>1957</width>
		<height>2810</height>
		<depth>3</depth>
	</size>
	<segmented>0</segmented>
	<object>
		<name>spider</name>
		<pose>Unspecified</pose>
		<truncated>0</truncated>
		<difficult>0</difficult>
		<bndbox>
			<xmin>97</xmin>
			<ymin>169</ymin>
			<xmax>1787</xmax>
			<ymax>2711</ymax>
		</bndbox>
	</object>
</annotation>
