<annotation>
	<folder>spiders</folder>
	<filename>spider10.jpg</filename>
	<path>C:\Users\Ares\Downloads\spiders\spiders\spider10.jpg</path>
	<source>
		<database>Unknown</database>
	</source>
	<size>
		<width>490</width>
		<height>560</height>
		<depth>3</depth>
	</size>
	<segmented>0</segmented>
	<object>
		<name>spider</name>
		<pose>Unspecified</pose>
		<truncated>1</truncated>
		<difficult>0</difficult>
		<bndbox>
			<xmin>24</xmin>
			<ymin>3</ymin>
			<xmax>490</xmax>
			<ymax>544</ymax>
		</bndbox>
	</object>
</annotation>
