<annotation>
	<folder>spiders</folder>
	<filename>spider16.jpg</filename>
	<path>C:\Users\Ares\Downloads\spiders\spiders\spider16.jpg</path>
	<source>
		<database>Unknown</database>
	</source>
	<size>
		<width>657</width>
		<height>480</height>
		<depth>3</depth>
	</size>
	<segmented>0</segmented>
	<object>
		<name>spider</name>
		<pose>Unspecified</pose>
		<truncated>1</truncated>
		<difficult>0</difficult>
		<bndbox>
			<xmin>98</xmin>
			<ymin>38</ymin>
			<xmax>642</xmax>
			<ymax>480</ymax>
		</bndbox>
	</object>
</annotation>
