<annotation>
	<folder>spiders</folder>
	<filename>spider7.jpg</filename>
	<path>C:\Users\Ares\Downloads\spiders\spiders\spider7.jpg</path>
	<source>
		<database>Unknown</database>
	</source>
	<size>
		<width>550</width>
		<height>394</height>
		<depth>3</depth>
	</size>
	<segmented>0</segmented>
	<object>
		<name>spider</name>
		<pose>Unspecified</pose>
		<truncated>0</truncated>
		<difficult>0</difficult>
		<bndbox>
			<xmin>145</xmin>
			<ymin>25</ymin>
			<xmax>294</xmax>
			<ymax>129</ymax>
		</bndbox>
	</object>
	<object>
		<name>spider</name>
		<pose>Unspecified</pose>
		<truncated>0</truncated>
		<difficult>0</difficult>
		<bndbox>
			<xmin>19</xmin>
			<ymin>28</ymin>
			<xmax>494</xmax>
			<ymax>373</ymax>
		</bndbox>
	</object>
</annotation>
