<annotation>
	<folder>spiders</folder>
	<filename>spider20.jpg</filename>
	<path>C:\Users\Ares\Downloads\spiders\spiders\spider20.jpg</path>
	<source>
		<database>Unknown</database>
	</source>
	<size>
		<width>186</width>
		<height>271</height>
		<depth>3</depth>
	</size>
	<segmented>0</segmented>
	<object>
		<name>spider</name>
		<pose>Unspecified</pose>
		<truncated>0</truncated>
		<difficult>0</difficult>
		<bndbox>
			<xmin>15</xmin>
			<ymin>10</ymin>
			<xmax>185</xmax>
			<ymax>252</ymax>
		</bndbox>
	</object>
</annotation>
