<annotation>
	<folder>spiders</folder>
	<filename>spider4.jpg</filename>
	<path>C:\Users\Ares\Downloads\spiders\spiders\spider4.jpg</path>
	<source>
		<database>Unknown</database>
	</source>
	<size>
		<width>658</width>
		<height>400</height>
		<depth>3</depth>
	</size>
	<segmented>0</segmented>
	<object>
		<name>spider</name>
		<pose>Unspecified</pose>
		<truncated>1</truncated>
		<difficult>0</difficult>
		<bndbox>
			<xmin>9</xmin>
			<ymin>14</ymin>
			<xmax>612</xmax>
			<ymax>400</ymax>
		</bndbox>
	</object>
</annotation>
