<annotation>
	<folder>spiders</folder>
	<filename>spider2.jpg</filename>
	<path>C:\Users\Ares\Downloads\spiders\spiders\spider2.jpg</path>
	<source>
		<database>Unknown</database>
	</source>
	<size>
		<width>259</width>
		<height>194</height>
		<depth>3</depth>
	</size>
	<segmented>0</segmented>
	<object>
		<name>spider</name>
		<pose>Unspecified</pose>
		<truncated>0</truncated>
		<difficult>0</difficult>
		<bndbox>
			<xmin>28</xmin>
			<ymin>16</ymin>
			<xmax>255</xmax>
			<ymax>169</ymax>
		</bndbox>
	</object>
</annotation>
