<annotation>
	<folder>spiders</folder>
	<filename>spider18.jpg</filename>
	<path>C:\Users\Ares\Downloads\spiders\spiders\spider18.jpg</path>
	<source>
		<database>Unknown</database>
	</source>
	<size>
		<width>299</width>
		<height>168</height>
		<depth>3</depth>
	</size>
	<segmented>0</segmented>
	<object>
		<name>spider</name>
		<pose>Unspecified</pose>
		<truncated>1</truncated>
		<difficult>0</difficult>
		<bndbox>
			<xmin>38</xmin>
			<ymin>9</ymin>
			<xmax>271</xmax>
			<ymax>168</ymax>
		</bndbox>
	</object>
</annotation>
