<annotation>
	<folder>balls</folder>
	<filename>b1.jpg</filename>
	<path>C:\Users\Gurjot\Desktop\ThugHacks\balls\balls\b1.jpg</path>
	<source>
		<database>Unknown</database>
	</source>
	<size>
		<width>1200</width>
		<height>600</height>
		<depth>3</depth>
	</size>
	<segmented>0</segmented>
	<object>
		<name>ball</name>
		<pose>Unspecified</pose>
		<truncated>0</truncated>
		<difficult>0</difficult>
		<bndbox>
			<xmin>280</xmin>
			<ymin>135</ymin>
			<xmax>672</xmax>
			<ymax>521</ymax>
		</bndbox>
	</object>
</annotation>
