<annotation>
	<folder>balls</folder>
	<filename>b3.jpg</filename>
	<path>C:\Users\Gurjot\Desktop\ThugHacks\balls\balls\b3.jpg</path>
	<source>
		<database>Unknown</database>
	</source>
	<size>
		<width>1024</width>
		<height>683</height>
		<depth>3</depth>
	</size>
	<segmented>0</segmented>
	<object>
		<name>ball</name>
		<pose>Unspecified</pose>
		<truncated>0</truncated>
		<difficult>0</difficult>
		<bndbox>
			<xmin>404</xmin>
			<ymin>147</ymin>
			<xmax>880</xmax>
			<ymax>602</ymax>
		</bndbox>
	</object>
</annotation>
