<annotation>
	<folder>balls</folder>
	<filename>b4.jpg</filename>
	<path>C:\Users\Gurjot\Desktop\ThugHacks\balls\balls\b4.jpg</path>
	<source>
		<database>Unknown</database>
	</source>
	<size>
		<width>2370</width>
		<height>1580</height>
		<depth>3</depth>
	</size>
	<segmented>0</segmented>
	<object>
		<name>ball</name>
		<pose>Unspecified</pose>
		<truncated>0</truncated>
		<difficult>0</difficult>
		<bndbox>
			<xmin>159</xmin>
			<ymin>113</ymin>
			<xmax>1681</xmax>
			<ymax>1490</ymax>
		</bndbox>
	</object>
</annotation>
