<annotation>
	<folder>balls</folder>
	<filename>b8.jpg</filename>
	<path>C:\Users\Gurjot\Desktop\ThugHacks\balls\balls\b8.jpg</path>
	<source>
		<database>Unknown</database>
	</source>
	<size>
		<width>620</width>
		<height>348</height>
		<depth>3</depth>
	</size>
	<segmented>0</segmented>
	<object>
		<name>ball</name>
		<pose>Unspecified</pose>
		<truncated>0</truncated>
		<difficult>0</difficult>
		<bndbox>
			<xmin>145</xmin>
			<ymin>19</ymin>
			<xmax>410</xmax>
			<ymax>281</ymax>
		</bndbox>
	</object>
</annotation>
