<annotation>
	<folder>balls</folder>
	<filename>bb2.jpg</filename>
	<path>C:\Users\Gurjot\Desktop\ThugHacks\balls\balls\bb2.jpg</path>
	<source>
		<database>Unknown</database>
	</source>
	<size>
		<width>720</width>
		<height>479</height>
		<depth>3</depth>
	</size>
	<segmented>0</segmented>
	<object>
		<name>ball</name>
		<pose>Unspecified</pose>
		<truncated>0</truncated>
		<difficult>0</difficult>
		<bndbox>
			<xmin>222</xmin>
			<ymin>52</ymin>
			<xmax>490</xmax>
			<ymax>319</ymax>
		</bndbox>
	</object>
</annotation>
