<annotation>
	<folder>balls</folder>
	<filename>bb3.jpg</filename>
	<path>C:\Users\Gurjot\Desktop\ThugHacks\balls\balls\bb3.jpg</path>
	<source>
		<database>Unknown</database>
	</source>
	<size>
		<width>700</width>
		<height>367</height>
		<depth>3</depth>
	</size>
	<segmented>0</segmented>
	<object>
		<name>ball</name>
		<pose>Unspecified</pose>
		<truncated>0</truncated>
		<difficult>0</difficult>
		<bndbox>
			<xmin>152</xmin>
			<ymin>44</ymin>
			<xmax>328</xmax>
			<ymax>232</ymax>
		</bndbox>
	</object>
</annotation>
