<annotation>
	<folder>balls</folder>
	<filename>bb5.jpg</filename>
	<path>C:\Users\Gurjot\Desktop\ThugHacks\balls\balls\bb5.jpg</path>
	<source>
		<database>Unknown</database>
	</source>
	<size>
		<width>1300</width>
		<height>724</height>
		<depth>3</depth>
	</size>
	<segmented>0</segmented>
	<object>
		<name>ball</name>
		<pose>Unspecified</pose>
		<truncated>0</truncated>
		<difficult>0</difficult>
		<bndbox>
			<xmin>72</xmin>
			<ymin>19</ymin>
			<xmax>868</xmax>
			<ymax>716</ymax>
		</bndbox>
	</object>
	<object>
		<name>ball</name>
		<pose>Unspecified</pose>
		<truncated>0</truncated>
		<difficult>0</difficult>
		<bndbox>
			<xmin>830</xmin>
			<ymin>137</ymin>
			<xmax>1158</xmax>
			<ymax>663</ymax>
		</bndbox>
	</object>
</annotation>
