<annotation>
	<folder>balls</folder>
	<filename>bb6.jpg</filename>
	<path>C:\Users\Gurjot\Desktop\ThugHacks\balls\balls\bb6.jpg</path>
	<source>
		<database>Unknown</database>
	</source>
	<size>
		<width>960</width>
		<height>720</height>
		<depth>3</depth>
	</size>
	<segmented>0</segmented>
	<object>
		<name>ball</name>
		<pose>Unspecified</pose>
		<truncated>1</truncated>
		<difficult>0</difficult>
		<bndbox>
			<xmin>1</xmin>
			<ymin>64</ymin>
			<xmax>486</xmax>
			<ymax>563</ymax>
		</bndbox>
	</object>
	<object>
		<name>ball</name>
		<pose>Unspecified</pose>
		<truncated>1</truncated>
		<difficult>0</difficult>
		<bndbox>
			<xmin>499</xmin>
			<ymin>63</ymin>
			<xmax>960</xmax>
			<ymax>567</ymax>
		</bndbox>
	</object>
</annotation>
