<annotation>
	<folder>balls</folder>
	<filename>bb7.jpg</filename>
	<path>C:\Users\Gurjot\Desktop\ThugHacks\balls\balls\bb7.jpg</path>
	<source>
		<database>Unknown</database>
	</source>
	<size>
		<width>1024</width>
		<height>683</height>
		<depth>3</depth>
	</size>
	<segmented>0</segmented>
	<object>
		<name>ball</name>
		<pose>Unspecified</pose>
		<truncated>1</truncated>
		<difficult>0</difficult>
		<bndbox>
			<xmin>473</xmin>
			<ymin>140</ymin>
			<xmax>1004</xmax>
			<ymax>683</ymax>
		</bndbox>
	</object>
	<object>
		<name>ball</name>
		<pose>Unspecified</pose>
		<truncated>1</truncated>
		<difficult>0</difficult>
		<bndbox>
			<xmin>1</xmin>
			<ymin>1</ymin>
			<xmax>496</xmax>
			<ymax>463</ymax>
		</bndbox>
	</object>
</annotation>
