<annotation>
	<folder>balls</folder>
	<filename>f3.jpg</filename>
	<path>C:\Users\Gurjot\Desktop\ThugHacks\balls\balls\f3.jpg</path>
	<source>
		<database>Unknown</database>
	</source>
	<size>
		<width>2987</width>
		<height>1680</height>
		<depth>3</depth>
	</size>
	<segmented>0</segmented>
	<object>
		<name>ball</name>
		<pose>Unspecified</pose>
		<truncated>0</truncated>
		<difficult>0</difficult>
		<bndbox>
			<xmin>294</xmin>
			<ymin>536</ymin>
			<xmax>1634</xmax>
			<ymax>1340</ymax>
		</bndbox>
	</object>
	<object>
		<name>ball</name>
		<pose>Unspecified</pose>
		<truncated>0</truncated>
		<difficult>0</difficult>
		<bndbox>
			<xmin>972</xmin>
			<ymin>382</ymin>
			<xmax>1952</xmax>
			<ymax>1158</ymax>
		</bndbox>
	</object>
	<object>
		<name>ball</name>
		<pose>Unspecified</pose>
		<truncated>0</truncated>
		<difficult>0</difficult>
		<bndbox>
			<xmin>1518</xmin>
			<ymin>282</ymin>
			<xmax>2330</xmax>
			<ymax>1070</ymax>
		</bndbox>
	</object>
	<object>
		<name>ball</name>
		<pose>Unspecified</pose>
		<truncated>0</truncated>
		<difficult>0</difficult>
		<bndbox>
			<xmin>1996</xmin>
			<ymin>110</ymin>
			<xmax>2754</xmax>
			<ymax>974</ymax>
		</bndbox>
	</object>
</annotation>
