<annotation>
	<folder>balls</folder>
	<filename>f4.jpg</filename>
	<path>C:\Users\Gurjot\Desktop\ThugHacks\balls\balls\f4.jpg</path>
	<source>
		<database>Unknown</database>
	</source>
	<size>
		<width>1200</width>
		<height>766</height>
		<depth>3</depth>
	</size>
	<segmented>0</segmented>
	<object>
		<name>ball</name>
		<pose>Unspecified</pose>
		<truncated>0</truncated>
		<difficult>0</difficult>
		<bndbox>
			<xmin>262</xmin>
			<ymin>144</ymin>
			<xmax>940</xmax>
			<ymax>571</ymax>
		</bndbox>
	</object>
</annotation>
