<annotation>
	<folder>balls</folder>
	<filename>f5.jpg</filename>
	<path>C:\Users\Gurjot\Desktop\ThugHacks\balls\balls\f5.jpg</path>
	<source>
		<database>Unknown</database>
	</source>
	<size>
		<width>800</width>
		<height>531</height>
		<depth>3</depth>
	</size>
	<segmented>0</segmented>
	<object>
		<name>ball</name>
		<pose>Unspecified</pose>
		<truncated>0</truncated>
		<difficult>0</difficult>
		<bndbox>
			<xmin>39</xmin>
			<ymin>98</ymin>
			<xmax>703</xmax>
			<ymax>443</ymax>
		</bndbox>
	</object>
</annotation>
