<annotation>
	<folder>balls</folder>
	<filename>f6.jpg</filename>
	<path>C:\Users\Gurjot\Desktop\ThugHacks\balls\balls\f6.jpg</path>
	<source>
		<database>Unknown</database>
	</source>
	<size>
		<width>1200</width>
		<height>675</height>
		<depth>3</depth>
	</size>
	<segmented>0</segmented>
	<object>
		<name>ball</name>
		<pose>Unspecified</pose>
		<truncated>0</truncated>
		<difficult>0</difficult>
		<bndbox>
			<xmin>556</xmin>
			<ymin>73</ymin>
			<xmax>976</xmax>
			<ymax>347</ymax>
		</bndbox>
	</object>
</annotation>
