<annotation>
	<folder>balls</folder>
	<filename>f7.JPG</filename>
	<path>C:\Users\Gurjot\Desktop\ThugHacks\balls\balls\f7.JPG</path>
	<source>
		<database>Unknown</database>
	</source>
	<size>
		<width>2987</width>
		<height>1680</height>
		<depth>3</depth>
	</size>
	<segmented>0</segmented>
	<object>
		<name>ball</name>
		<pose>Unspecified</pose>
		<truncated>0</truncated>
		<difficult>0</difficult>
		<bndbox>
			<xmin>602</xmin>
			<ymin>78</ymin>
			<xmax>2550</xmax>
			<ymax>1528</ymax>
		</bndbox>
	</object>
</annotation>
