<annotation>
	<folder>balls</folder>
	<filename>s1.jpg</filename>
	<path>C:\Users\Gurjot\Desktop\ThugHacks\balls\balls\s1.jpg</path>
	<source>
		<database>Unknown</database>
	</source>
	<size>
		<width>275</width>
		<height>183</height>
		<depth>3</depth>
	</size>
	<segmented>0</segmented>
	<object>
		<name>ball</name>
		<pose>Unspecified</pose>
		<truncated>0</truncated>
		<difficult>0</difficult>
		<bndbox>
			<xmin>162</xmin>
			<ymin>31</ymin>
			<xmax>265</xmax>
			<ymax>137</ymax>
		</bndbox>
	</object>
</annotation>
