<annotation>
	<folder>balls</folder>
	<filename>s3.jpg</filename>
	<path>C:\Users\Gurjot\Desktop\ThugHacks\balls\balls\s3.jpg</path>
	<source>
		<database>Unknown</database>
	</source>
	<size>
		<width>259</width>
		<height>194</height>
		<depth>3</depth>
	</size>
	<segmented>0</segmented>
	<object>
		<name>]</name>
		<pose>Unspecified</pose>
		<truncated>1</truncated>
		<difficult>0</difficult>
		<bndbox>
			<xmin>89</xmin>
			<ymin>2</ymin>
			<xmax>259</xmax>
			<ymax>191</ymax>
		</bndbox>
	</object>
</annotation>
