<annotation>
	<folder>balls</folder>
	<filename>s5.jpg</filename>
	<path>C:\Users\Gurjot\Desktop\ThugHacks\balls\balls\s5.jpg</path>
	<source>
		<database>Unknown</database>
	</source>
	<size>
		<width>225</width>
		<height>225</height>
		<depth>3</depth>
	</size>
	<segmented>0</segmented>
	<object>
		<name>ball</name>
		<pose>Unspecified</pose>
		<truncated>0</truncated>
		<difficult>0</difficult>
		<bndbox>
			<xmin>33</xmin>
			<ymin>43</ymin>
			<xmax>185</xmax>
			<ymax>184</ymax>
		</bndbox>
	</object>
</annotation>
