<annotation>
	<folder>balls</folder>
	<filename>s7.jpg</filename>
	<path>C:\Users\Gurjot\Desktop\ThugHacks\balls\balls\s7.jpg</path>
	<source>
		<database>Unknown</database>
	</source>
	<size>
		<width>1023</width>
		<height>1003</height>
		<depth>3</depth>
	</size>
	<segmented>0</segmented>
	<object>
		<name>ball</name>
		<pose>Unspecified</pose>
		<truncated>0</truncated>
		<difficult>0</difficult>
		<bndbox>
			<xmin>378</xmin>
			<ymin>459</ymin>
			<xmax>851</xmax>
			<ymax>934</ymax>
		</bndbox>
	</object>
</annotation>
