<annotation>
	<folder>cars</folder>
	<filename>c1.jpg</filename>
	<path>C:\Users\Administrator\Desktop\Thughacks\cars\cars\c1.jpg</path>
	<source>
		<database>Unknown</database>
	</source>
	<size>
		<width>1300</width>
		<height>1000</height>
		<depth>3</depth>
	</size>
	<segmented>0</segmented>
	<object>
		<name>car</name>
		<pose>Unspecified</pose>
		<truncated>0</truncated>
		<difficult>0</difficult>
		<bndbox>
			<xmin>32</xmin>
			<ymin>276</ymin>
			<xmax>1242</xmax>
			<ymax>798</ymax>
		</bndbox>
	</object>
</annotation>
