<annotation>
	<folder>cars</folder>
	<filename>c11.jpg</filename>
	<path>C:\Users\Administrator\Desktop\Thughacks\cars\cars\c11.jpg</path>
	<source>
		<database>Unknown</database>
	</source>
	<size>
		<width>640</width>
		<height>480</height>
		<depth>3</depth>
	</size>
	<segmented>0</segmented>
	<object>
		<name>car</name>
		<pose>Unspecified</pose>
		<truncated>0</truncated>
		<difficult>0</difficult>
		<bndbox>
			<xmin>25</xmin>
			<ymin>69</ymin>
			<xmax>608</xmax>
			<ymax>385</ymax>
		</bndbox>
	</object>
</annotation>
