<annotation>
	<folder>cars</folder>
	<filename>c12.jpg</filename>
	<path>C:\Users\Administrator\Desktop\Thughacks\cars\cars\c12.jpg</path>
	<source>
		<database>Unknown</database>
	</source>
	<size>
		<width>640</width>
		<height>420</height>
		<depth>3</depth>
	</size>
	<segmented>0</segmented>
	<object>
		<name>car</name>
		<pose>Unspecified</pose>
		<truncated>0</truncated>
		<difficult>0</difficult>
		<bndbox>
			<xmin>57</xmin>
			<ymin>75</ymin>
			<xmax>576</xmax>
			<ymax>383</ymax>
		</bndbox>
	</object>
</annotation>
