<annotation>
	<folder>cars</folder>
	<filename>c14.jpg</filename>
	<path>C:\Users\Administrator\Desktop\Thughacks\cars\cars\c14.jpg</path>
	<source>
		<database>Unknown</database>
	</source>
	<size>
		<width>1024</width>
		<height>690</height>
		<depth>3</depth>
	</size>
	<segmented>0</segmented>
	<object>
		<name>car</name>
		<pose>Unspecified</pose>
		<truncated>0</truncated>
		<difficult>0</difficult>
		<bndbox>
			<xmin>45</xmin>
			<ymin>48</ymin>
			<xmax>967</xmax>
			<ymax>558</ymax>
		</bndbox>
	</object>
</annotation>
