<annotation>
	<folder>cars</folder>
	<filename>c15.jpg</filename>
	<path>C:\Users\Administrator\Desktop\Thughacks\cars\cars\c15.jpg</path>
	<source>
		<database>Unknown</database>
	</source>
	<size>
		<width>640</width>
		<height>360</height>
		<depth>3</depth>
	</size>
	<segmented>0</segmented>
	<object>
		<name>car</name>
		<pose>Unspecified</pose>
		<truncated>0</truncated>
		<difficult>0</difficult>
		<bndbox>
			<xmin>37</xmin>
			<ymin>43</ymin>
			<xmax>600</xmax>
			<ymax>299</ymax>
		</bndbox>
	</object>
</annotation>
