<annotation>
	<folder>cars</folder>
	<filename>c16.jpg</filename>
	<path>C:\Users\Administrator\Desktop\Thughacks\cars\cars\c16.jpg</path>
	<source>
		<database>Unknown</database>
	</source>
	<size>
		<width>275</width>
		<height>184</height>
		<depth>3</depth>
	</size>
	<segmented>0</segmented>
	<object>
		<name>car</name>
		<pose>Unspecified</pose>
		<truncated>0</truncated>
		<difficult>0</difficult>
		<bndbox>
			<xmin>13</xmin>
			<ymin>38</ymin>
			<xmax>265</xmax>
			<ymax>163</ymax>
		</bndbox>
	</object>
</annotation>
