<annotation>
	<folder>cars</folder>
	<filename>c17.png</filename>
	<path>C:\Users\Administrator\Desktop\Thughacks\cars\cars\c17.png</path>
	<source>
		<database>Unknown</database>
	</source>
	<size>
		<width>480</width>
		<height>240</height>
		<depth>3</depth>
	</size>
	<segmented>0</segmented>
	<object>
		<name>car</name>
		<pose>Unspecified</pose>
		<truncated>1</truncated>
		<difficult>0</difficult>
		<bndbox>
			<xmin>5</xmin>
			<ymin>54</ymin>
			<xmax>480</xmax>
			<ymax>217</ymax>
		</bndbox>
	</object>
</annotation>
