<annotation>
	<folder>cars</folder>
	<filename>c18.jpg</filename>
	<path>C:\Users\Administrator\Desktop\Thughacks\cars\cars\c18.jpg</path>
	<source>
		<database>Unknown</database>
	</source>
	<size>
		<width>700</width>
		<height>470</height>
		<depth>3</depth>
	</size>
	<segmented>0</segmented>
	<object>
		<name>car</name>
		<pose>Unspecified</pose>
		<truncated>0</truncated>
		<difficult>0</difficult>
		<bndbox>
			<xmin>154</xmin>
			<ymin>142</ymin>
			<xmax>669</xmax>
			<ymax>423</ymax>
		</bndbox>
	</object>
</annotation>
