<annotation>
	<folder>cars</folder>
	<filename>c19.jpg</filename>
	<path>C:\Users\Administrator\Desktop\Thughacks\cars\cars\c19.jpg</path>
	<source>
		<database>Unknown</database>
	</source>
	<size>
		<width>600</width>
		<height>400</height>
		<depth>3</depth>
	</size>
	<segmented>0</segmented>
	<object>
		<name>car</name>
		<pose>Unspecified</pose>
		<truncated>0</truncated>
		<difficult>0</difficult>
		<bndbox>
			<xmin>121</xmin>
			<ymin>105</ymin>
			<xmax>511</xmax>
			<ymax>336</ymax>
		</bndbox>
	</object>
</annotation>
