<annotation>
	<folder>cars</folder>
	<filename>c20.jpg</filename>
	<path>C:\Users\Administrator\Desktop\Thughacks\cars\cars\c20.jpg</path>
	<source>
		<database>Unknown</database>
	</source>
	<size>
		<width>618</width>
		<height>348</height>
		<depth>3</depth>
	</size>
	<segmented>0</segmented>
	<object>
		<name>car</name>
		<pose>Unspecified</pose>
		<truncated>0</truncated>
		<difficult>0</difficult>
		<bndbox>
			<xmin>99</xmin>
			<ymin>120</ymin>
			<xmax>466</xmax>
			<ymax>302</ymax>
		</bndbox>
	</object>
</annotation>
