<annotation>
	<folder>cars</folder>
	<filename>c21.jpg</filename>
	<path>C:\Users\Administrator\Desktop\Thughacks\cars\cars\c21.jpg</path>
	<source>
		<database>Unknown</database>
	</source>
	<size>
		<width>550</width>
		<height>367</height>
		<depth>3</depth>
	</size>
	<segmented>0</segmented>
	<object>
		<name>car</name>
		<pose>Unspecified</pose>
		<truncated>0</truncated>
		<difficult>0</difficult>
		<bndbox>
			<xmin>135</xmin>
			<ymin>139</ymin>
			<xmax>475</xmax>
			<ymax>292</ymax>
		</bndbox>
	</object>
	<object>
		<name>car</name>
		<pose>Unspecified</pose>
		<truncated>0</truncated>
		<difficult>0</difficult>
		<bndbox>
			<xmin>3</xmin>
			<ymin>135</ymin>
			<xmax>132</xmax>
			<ymax>190</ymax>
		</bndbox>
	</object>
</annotation>
