<annotation>
	<folder>cars</folder>
	<filename>c23.jpg</filename>
	<path>C:\Users\Administrator\Desktop\Thughacks\cars\cars\c23.jpg</path>
	<source>
		<database>Unknown</database>
	</source>
	<size>
		<width>1287</width>
		<height>1392</height>
		<depth>3</depth>
	</size>
	<segmented>0</segmented>
	<object>
		<name>car</name>
		<pose>Unspecified</pose>
		<truncated>0</truncated>
		<difficult>0</difficult>
		<bndbox>
			<xmin>77</xmin>
			<ymin>167</ymin>
			<xmax>1160</xmax>
			<ymax>1173</ymax>
		</bndbox>
	</object>
</annotation>
