<annotation>
	<folder>cars</folder>
	<filename>c24.jpg</filename>
	<path>C:\Users\Administrator\Desktop\Thughacks\cars\cars\c24.jpg</path>
	<source>
		<database>Unknown</database>
	</source>
	<size>
		<width>2000</width>
		<height>1500</height>
		<depth>3</depth>
	</size>
	<segmented>0</segmented>
	<object>
		<name>car</name>
		<pose>Unspecified</pose>
		<truncated>0</truncated>
		<difficult>0</difficult>
		<bndbox>
			<xmin>235</xmin>
			<ymin>527</ymin>
			<xmax>1654</xmax>
			<ymax>1235</ymax>
		</bndbox>
	</object>
</annotation>
