<annotation>
	<folder>cars</folder>
	<filename>c3.jpg</filename>
	<path>C:\Users\Administrator\Desktop\Thughacks\cars\cars\c3.jpg</path>
	<source>
		<database>Unknown</database>
	</source>
	<size>
		<width>3360</width>
		<height>2240</height>
		<depth>3</depth>
	</size>
	<segmented>0</segmented>
	<object>
		<name>car</name>
		<pose>Unspecified</pose>
		<truncated>0</truncated>
		<difficult>0</difficult>
		<bndbox>
			<xmin>430</xmin>
			<ymin>864</ymin>
			<xmax>2574</xmax>
			<ymax>1997</ymax>
		</bndbox>
	</object>
</annotation>
