<annotation>
	<folder>cars</folder>
	<filename>c4.jpg</filename>
	<path>C:\Users\Administrator\Desktop\Thughacks\cars\cars\c4.jpg</path>
	<source>
		<database>Unknown</database>
	</source>
	<size>
		<width>1940</width>
		<height>1300</height>
		<depth>3</depth>
	</size>
	<segmented>0</segmented>
	<object>
		<name>car</name>
		<pose>Unspecified</pose>
		<truncated>0</truncated>
		<difficult>0</difficult>
		<bndbox>
			<xmin>149</xmin>
			<ymin>134</ymin>
			<xmax>1791</xmax>
			<ymax>1244</ymax>
		</bndbox>
	</object>
</annotation>
