<annotation>
	<folder>cars</folder>
	<filename>c5.jpg</filename>
	<path>C:\Users\Administrator\Desktop\Thughacks\cars\cars\c5.jpg</path>
	<source>
		<database>Unknown</database>
	</source>
	<size>
		<width>960</width>
		<height>540</height>
		<depth>3</depth>
	</size>
	<segmented>0</segmented>
	<object>
		<name>car</name>
		<pose>Unspecified</pose>
		<truncated>0</truncated>
		<difficult>0</difficult>
		<bndbox>
			<xmin>134</xmin>
			<ymin>129</ymin>
			<xmax>903</xmax>
			<ymax>425</ymax>
		</bndbox>
	</object>
</annotation>
