<annotation>
	<folder>cars</folder>
	<filename>c6.jpg</filename>
	<path>C:\Users\Administrator\Desktop\Thughacks\cars\cars\c6.jpg</path>
	<source>
		<database>Unknown</database>
	</source>
	<size>
		<width>1920</width>
		<height>1080</height>
		<depth>3</depth>
	</size>
	<segmented>0</segmented>
	<object>
		<name>car</name>
		<pose>Unspecified</pose>
		<truncated>0</truncated>
		<difficult>0</difficult>
		<bndbox>
			<xmin>103</xmin>
			<ymin>193</ymin>
			<xmax>1852</xmax>
			<ymax>900</ymax>
		</bndbox>
	</object>
</annotation>
