<annotation>
	<folder>cars</folder>
	<filename>c7.jpg</filename>
	<path>C:\Users\Administrator\Desktop\Thughacks\cars\cars\c7.jpg</path>
	<source>
		<database>Unknown</database>
	</source>
	<size>
		<width>400</width>
		<height>283</height>
		<depth>3</depth>
	</size>
	<segmented>0</segmented>
	<object>
		<name>car</name>
		<pose>Unspecified</pose>
		<truncated>0</truncated>
		<difficult>0</difficult>
		<bndbox>
			<xmin>31</xmin>
			<ymin>61</ymin>
			<xmax>390</xmax>
			<ymax>260</ymax>
		</bndbox>
	</object>
</annotation>
