<annotation>
	<folder>cars</folder>
	<filename>c8.jpg</filename>
	<path>C:\Users\Administrator\Desktop\Thughacks\cars\cars\c8.jpg</path>
	<source>
		<database>Unknown</database>
	</source>
	<size>
		<width>648</width>
		<height>364</height>
		<depth>3</depth>
	</size>
	<segmented>0</segmented>
	<object>
		<name>car</name>
		<pose>Unspecified</pose>
		<truncated>0</truncated>
		<difficult>0</difficult>
		<bndbox>
			<xmin>265</xmin>
			<ymin>100</ymin>
			<xmax>635</xmax>
			<ymax>304</ymax>
		</bndbox>
	</object>
</annotation>
