<annotation>
	<folder>cars</folder>
	<filename>c9.jpg</filename>
	<path>C:\Users\Administrator\Desktop\Thughacks\cars\cars\c9.jpg</path>
	<source>
		<database>Unknown</database>
	</source>
	<size>
		<width>4000</width>
		<height>2667</height>
		<depth>3</depth>
	</size>
	<segmented>0</segmented>
	<object>
		<name>car</name>
		<pose>Unspecified</pose>
		<truncated>0</truncated>
		<difficult>0</difficult>
		<bndbox>
			<xmin>700</xmin>
			<ymin>847</ymin>
			<xmax>3820</xmax>
			<ymax>2499</ymax>
		</bndbox>
	</object>
</annotation>
