<annotation>
	<folder>horses</folder>
	<filename>h1.jpg</filename>
	<path>C:\Users\Gurjot\Desktop\ThugHacks\horses\h1.jpg</path>
	<source>
		<database>Unknown</database>
	</source>
	<size>
		<width>1200</width>
		<height>1800</height>
		<depth>3</depth>
	</size>
	<segmented>0</segmented>
	<object>
		<name>horse</name>
		<pose>Unspecified</pose>
		<truncated>0</truncated>
		<difficult>0</difficult>
		<bndbox>
			<xmin>112</xmin>
			<ymin>346</ymin>
			<xmax>1010</xmax>
			<ymax>1571</ymax>
		</bndbox>
	</object>
</annotation>
