<annotation>
	<folder>horses</folder>
	<filename>h10.jpg</filename>
	<path>C:\Users\Gurjot\Desktop\ThugHacks\horses\h10.jpg</path>
	<source>
		<database>Unknown</database>
	</source>
	<size>
		<width>1280</width>
		<height>720</height>
		<depth>3</depth>
	</size>
	<segmented>0</segmented>
	<object>
		<name>horse</name>
		<pose>Unspecified</pose>
		<truncated>0</truncated>
		<difficult>0</difficult>
		<bndbox>
			<xmin>393</xmin>
			<ymin>130</ymin>
			<xmax>1229</xmax>
			<ymax>652</ymax>
		</bndbox>
	</object>
</annotation>
