<annotation>
	<folder>horses</folder>
	<filename>h11.jpg</filename>
	<path>C:\Users\Gurjot\Desktop\ThugHacks\horses\h11.jpg</path>
	<source>
		<database>Unknown</database>
	</source>
	<size>
		<width>1200</width>
		<height>669</height>
		<depth>3</depth>
	</size>
	<segmented>0</segmented>
	<object>
		<name>horse</name>
		<pose>Unspecified</pose>
		<truncated>0</truncated>
		<difficult>0</difficult>
		<bndbox>
			<xmin>105</xmin>
			<ymin>172</ymin>
			<xmax>276</xmax>
			<ymax>475</ymax>
		</bndbox>
	</object>
	<object>
		<name>horse</name>
		<pose>Unspecified</pose>
		<truncated>0</truncated>
		<difficult>0</difficult>
		<bndbox>
			<xmin>341</xmin>
			<ymin>77</ymin>
			<xmax>811</xmax>
			<ymax>634</ymax>
		</bndbox>
	</object>
</annotation>
