<annotation>
	<folder>horses</folder>
	<filename>h12.jpg</filename>
	<path>C:\Users\Gurjot\Desktop\ThugHacks\horses\h12.jpg</path>
	<source>
		<database>Unknown</database>
	</source>
	<size>
		<width>823</width>
		<height>1240</height>
		<depth>3</depth>
	</size>
	<segmented>0</segmented>
	<object>
		<name>horse</name>
		<pose>Unspecified</pose>
		<truncated>0</truncated>
		<difficult>0</difficult>
		<bndbox>
			<xmin>139</xmin>
			<ymin>38</ymin>
			<xmax>818</xmax>
			<ymax>1235</ymax>
		</bndbox>
	</object>
</annotation>
