<annotation>
	<folder>horses</folder>
	<filename>h13.jpg</filename>
	<path>C:\Users\Gurjot\Desktop\ThugHacks\horses\h13.jpg</path>
	<source>
		<database>Unknown</database>
	</source>
	<size>
		<width>640</width>
		<height>960</height>
		<depth>3</depth>
	</size>
	<segmented>0</segmented>
	<object>
		<name>horse</name>
		<pose>Unspecified</pose>
		<truncated>0</truncated>
		<difficult>0</difficult>
		<bndbox>
			<xmin>93</xmin>
			<ymin>34</ymin>
			<xmax>630</xmax>
			<ymax>956</ymax>
		</bndbox>
	</object>
</annotation>
