<annotation>
	<folder>horses</folder>
	<filename>h14.jpg</filename>
	<path>C:\Users\Gurjot\Desktop\ThugHacks\horses\h14.jpg</path>
	<source>
		<database>Unknown</database>
	</source>
	<size>
		<width>400</width>
		<height>350</height>
		<depth>3</depth>
	</size>
	<segmented>0</segmented>
	<object>
		<name>horse</name>
		<pose>Unspecified</pose>
		<truncated>0</truncated>
		<difficult>0</difficult>
		<bndbox>
			<xmin>6</xmin>
			<ymin>19</ymin>
			<xmax>392</xmax>
			<ymax>330</ymax>
		</bndbox>
	</object>
</annotation>
