<annotation>
	<folder>horses</folder>
	<filename>h17.jpg</filename>
	<path>C:\Users\Gurjot\Desktop\ThugHacks\horses\h17.jpg</path>
	<source>
		<database>Unknown</database>
	</source>
	<size>
		<width>255</width>
		<height>197</height>
		<depth>3</depth>
	</size>
	<segmented>0</segmented>
	<object>
		<name>horse</name>
		<pose>Unspecified</pose>
		<truncated>0</truncated>
		<difficult>0</difficult>
		<bndbox>
			<xmin>23</xmin>
			<ymin>40</ymin>
			<xmax>244</xmax>
			<ymax>177</ymax>
		</bndbox>
	</object>
</annotation>
