<annotation>
	<folder>horses</folder>
	<filename>h18.jpg</filename>
	<path>C:\Users\Gurjot\Desktop\ThugHacks\horses\h18.jpg</path>
	<source>
		<database>Unknown</database>
	</source>
	<size>
		<width>350</width>
		<height>275</height>
		<depth>3</depth>
	</size>
	<segmented>0</segmented>
	<object>
		<name>horse</name>
		<pose>Unspecified</pose>
		<truncated>0</truncated>
		<difficult>0</difficult>
		<bndbox>
			<xmin>21</xmin>
			<ymin>2</ymin>
			<xmax>341</xmax>
			<ymax>271</ymax>
		</bndbox>
	</object>
</annotation>
