<annotation>
	<folder>horses</folder>
	<filename>h19.jpg</filename>
	<path>C:\Users\Gurjot\Desktop\ThugHacks\horses\h19.jpg</path>
	<source>
		<database>Unknown</database>
	</source>
	<size>
		<width>224</width>
		<height>224</height>
		<depth>3</depth>
	</size>
	<segmented>0</segmented>
	<object>
		<name>horse</name>
		<pose>Unspecified</pose>
		<truncated>0</truncated>
		<difficult>0</difficult>
		<bndbox>
			<xmin>38</xmin>
			<ymin>6</ymin>
			<xmax>193</xmax>
			<ymax>218</ymax>
		</bndbox>
	</object>
</annotation>
