<annotation>
	<folder>horses</folder>
	<filename>h2.jpg</filename>
	<path>C:\Users\Gurjot\Desktop\ThugHacks\horses\h2.jpg</path>
	<source>
		<database>Unknown</database>
	</source>
	<size>
		<width>2016</width>
		<height>1134</height>
		<depth>3</depth>
	</size>
	<segmented>0</segmented>
	<object>
		<name>horse</name>
		<pose>Unspecified</pose>
		<truncated>0</truncated>
		<difficult>0</difficult>
		<bndbox>
			<xmin>597</xmin>
			<ymin>132</ymin>
			<xmax>1642</xmax>
			<ymax>980</ymax>
		</bndbox>
	</object>
</annotation>
