<annotation>
	<folder>horses</folder>
	<filename>h20.jpg</filename>
	<path>C:\Users\Gurjot\Desktop\ThugHacks\horses\h20.jpg</path>
	<source>
		<database>Unknown</database>
	</source>
	<size>
		<width>180</width>
		<height>279</height>
		<depth>3</depth>
	</size>
	<segmented>0</segmented>
	<object>
		<name>horse</name>
		<pose>Unspecified</pose>
		<truncated>0</truncated>
		<difficult>0</difficult>
		<bndbox>
			<xmin>38</xmin>
			<ymin>42</ymin>
			<xmax>144</xmax>
			<ymax>234</ymax>
		</bndbox>
	</object>
</annotation>
