<annotation>
	<folder>horses</folder>
	<filename>h21.jpg</filename>
	<path>C:\Users\Gurjot\Desktop\ThugHacks\horses\h21.jpg</path>
	<source>
		<database>Unknown</database>
	</source>
	<size>
		<width>420</width>
		<height>240</height>
		<depth>3</depth>
	</size>
	<segmented>0</segmented>
	<object>
		<name>horse</name>
		<pose>Unspecified</pose>
		<truncated>0</truncated>
		<difficult>0</difficult>
		<bndbox>
			<xmin>92</xmin>
			<ymin>21</ymin>
			<xmax>227</xmax>
			<ymax>239</ymax>
		</bndbox>
	</object>
	<object>
		<name>horse</name>
		<pose>Unspecified</pose>
		<truncated>0</truncated>
		<difficult>0</difficult>
		<bndbox>
			<xmin>229</xmin>
			<ymin>21</ymin>
			<xmax>363</xmax>
			<ymax>233</ymax>
		</bndbox>
	</object>
</annotation>
