<annotation>
	<folder>horses</folder>
	<filename>h22.jpg</filename>
	<path>C:\Users\Gurjot\Desktop\ThugHacks\horses\h22.jpg</path>
	<source>
		<database>Unknown</database>
	</source>
	<size>
		<width>1742</width>
		<height>1162</height>
		<depth>3</depth>
	</size>
	<segmented>0</segmented>
	<object>
		<name>horse</name>
		<pose>Unspecified</pose>
		<truncated>0</truncated>
		<difficult>0</difficult>
		<bndbox>
			<xmin>590</xmin>
			<ymin>17</ymin>
			<xmax>1700</xmax>
			<ymax>1128</ymax>
		</bndbox>
	</object>
</annotation>
