<annotation>
	<folder>horses</folder>
	<filename>h23.jpg</filename>
	<path>C:\Users\Gurjot\Desktop\ThugHacks\horses\h23.jpg</path>
	<source>
		<database>Unknown</database>
	</source>
	<size>
		<width>529</width>
		<height>364</height>
		<depth>3</depth>
	</size>
	<segmented>0</segmented>
	<object>
		<name>horse</name>
		<pose>Unspecified</pose>
		<truncated>0</truncated>
		<difficult>0</difficult>
		<bndbox>
			<xmin>21</xmin>
			<ymin>10</ymin>
			<xmax>141</xmax>
			<ymax>325</ymax>
		</bndbox>
	</object>
	<object>
		<name>horse</name>
		<pose>Unspecified</pose>
		<truncated>0</truncated>
		<difficult>0</difficult>
		<bndbox>
			<xmin>141</xmin>
			<ymin>23</ymin>
			<xmax>506</xmax>
			<ymax>339</ymax>
		</bndbox>
	</object>
</annotation>
