<annotation>
	<folder>horses</folder>
	<filename>h26.jpg</filename>
	<path>C:\Users\Gurjot\Desktop\ThugHacks\horses\h26.jpg</path>
	<source>
		<database>Unknown</database>
	</source>
	<size>
		<width>618</width>
		<height>410</height>
		<depth>3</depth>
	</size>
	<segmented>0</segmented>
	<object>
		<name>horse</name>
		<pose>Unspecified</pose>
		<truncated>0</truncated>
		<difficult>0</difficult>
		<bndbox>
			<xmin>6</xmin>
			<ymin>64</ymin>
			<xmax>263</xmax>
			<ymax>334</ymax>
		</bndbox>
	</object>
	<object>
		<name>horse</name>
		<pose>Unspecified</pose>
		<truncated>0</truncated>
		<difficult>0</difficult>
		<bndbox>
			<xmin>259</xmin>
			<ymin>55</ymin>
			<xmax>421</xmax>
			<ymax>310</ymax>
		</bndbox>
	</object>
	<object>
		<name>horse</name>
		<pose>Unspecified</pose>
		<truncated>0</truncated>
		<difficult>0</difficult>
		<bndbox>
			<xmin>410</xmin>
			<ymin>69</ymin>
			<xmax>573</xmax>
			<ymax>289</ymax>
		</bndbox>
	</object>
</annotation>
