<annotation>
	<folder>horses</folder>
	<filename>h27.jpg</filename>
	<path>C:\Users\Gurjot\Desktop\ThugHacks\horses\h27.jpg</path>
	<source>
		<database>Unknown</database>
	</source>
	<size>
		<width>4000</width>
		<height>2666</height>
		<depth>3</depth>
	</size>
	<segmented>0</segmented>
	<object>
		<name>horse</name>
		<pose>Unspecified</pose>
		<truncated>0</truncated>
		<difficult>0</difficult>
		<bndbox>
			<xmin>1406</xmin>
			<ymin>821</ymin>
			<xmax>1961</xmax>
			<ymax>2495</ymax>
		</bndbox>
	</object>
	<object>
		<name>horse</name>
		<pose>Unspecified</pose>
		<truncated>0</truncated>
		<difficult>0</difficult>
		<bndbox>
			<xmin>1118</xmin>
			<ymin>481</ymin>
			<xmax>1666</xmax>
			<ymax>1355</ymax>
		</bndbox>
	</object>
</annotation>
