<annotation>
	<folder>horses</folder>
	<filename>h28.jpg</filename>
	<path>C:\Users\Gurjot\Desktop\ThugHacks\horses\h28.jpg</path>
	<source>
		<database>Unknown</database>
	</source>
	<size>
		<width>800</width>
		<height>480</height>
		<depth>3</depth>
	</size>
	<segmented>0</segmented>
	<object>
		<name>horse</name>
		<pose>Unspecified</pose>
		<truncated>0</truncated>
		<difficult>0</difficult>
		<bndbox>
			<xmin>158</xmin>
			<ymin>14</ymin>
			<xmax>376</xmax>
			<ymax>250</ymax>
		</bndbox>
	</object>
	<object>
		<name>horse</name>
		<pose>Unspecified</pose>
		<truncated>0</truncated>
		<difficult>0</difficult>
		<bndbox>
			<xmin>386</xmin>
			<ymin>81</ymin>
			<xmax>548</xmax>
			<ymax>212</ymax>
		</bndbox>
	</object>
	<object>
		<name>horse</name>
		<pose>Unspecified</pose>
		<truncated>0</truncated>
		<difficult>0</difficult>
		<bndbox>
			<xmin>255</xmin>
			<ymin>190</ymin>
			<xmax>695</xmax>
			<ymax>475</ymax>
		</bndbox>
	</object>
</annotation>
