<annotation>
	<folder>horses</folder>
	<filename>h3.jpg</filename>
	<path>C:\Users\Gurjot\Desktop\ThugHacks\horses\h3.jpg</path>
	<source>
		<database>Unknown</database>
	</source>
	<size>
		<width>1024</width>
		<height>768</height>
		<depth>3</depth>
	</size>
	<segmented>0</segmented>
	<object>
		<name>horse</name>
		<pose>Unspecified</pose>
		<truncated>0</truncated>
		<difficult>0</difficult>
		<bndbox>
			<xmin>166</xmin>
			<ymin>20</ymin>
			<xmax>895</xmax>
			<ymax>764</ymax>
		</bndbox>
	</object>
</annotation>
