<annotation>
	<folder>horses</folder>
	<filename>h4.jpg</filename>
	<path>C:\Users\Gurjot\Desktop\ThugHacks\horses\h4.jpg</path>
	<source>
		<database>Unknown</database>
	</source>
	<size>
		<width>920</width>
		<height>518</height>
		<depth>3</depth>
	</size>
	<segmented>0</segmented>
	<object>
		<name>horse</name>
		<pose>Unspecified</pose>
		<truncated>0</truncated>
		<difficult>0</difficult>
		<bndbox>
			<xmin>105</xmin>
			<ymin>101</ymin>
			<xmax>641</xmax>
			<ymax>503</ymax>
		</bndbox>
	</object>
</annotation>
