<annotation>
	<folder>horses</folder>
	<filename>h6.jpg</filename>
	<path>C:\Users\Gurjot\Desktop\ThugHacks\horses\h6.jpg</path>
	<source>
		<database>Unknown</database>
	</source>
	<size>
		<width>1040</width>
		<height>500</height>
		<depth>3</depth>
	</size>
	<segmented>0</segmented>
	<object>
		<name>horse</name>
		<pose>Unspecified</pose>
		<truncated>0</truncated>
		<difficult>0</difficult>
		<bndbox>
			<xmin>269</xmin>
			<ymin>51</ymin>
			<xmax>608</xmax>
			<ymax>467</ymax>
		</bndbox>
	</object>
</annotation>
