<annotation>
	<folder>horses</folder>
	<filename>h7.jpg</filename>
	<path>C:\Users\Gurjot\Desktop\ThugHacks\horses\h7.jpg</path>
	<source>
		<database>Unknown</database>
	</source>
	<size>
		<width>1600</width>
		<height>1067</height>
		<depth>3</depth>
	</size>
	<segmented>0</segmented>
	<object>
		<name>horse</name>
		<pose>Unspecified</pose>
		<truncated>0</truncated>
		<difficult>0</difficult>
		<bndbox>
			<xmin>112</xmin>
			<ymin>212</ymin>
			<xmax>1281</xmax>
			<ymax>986</ymax>
		</bndbox>
	</object>
</annotation>
