<annotation>
	<folder>horses</folder>
	<filename>h8.jpg</filename>
	<path>C:\Users\Gurjot\Desktop\ThugHacks\horses\h8.jpg</path>
	<source>
		<database>Unknown</database>
	</source>
	<size>
		<width>480</width>
		<height>600</height>
		<depth>3</depth>
	</size>
	<segmented>0</segmented>
	<object>
		<name>horse</name>
		<pose>Unspecified</pose>
		<truncated>0</truncated>
		<difficult>0</difficult>
		<bndbox>
			<xmin>37</xmin>
			<ymin>85</ymin>
			<xmax>435</xmax>
			<ymax>523</ymax>
		</bndbox>
	</object>
</annotation>
