<annotation>
	<folder>horses</folder>
	<filename>h9.jpg</filename>
	<path>C:\Users\Gurjot\Desktop\ThugHacks\horses\h9.jpg</path>
	<source>
		<database>Unknown</database>
	</source>
	<size>
		<width>512</width>
		<height>282</height>
		<depth>3</depth>
	</size>
	<segmented>0</segmented>
	<object>
		<name>horse</name>
		<pose>Unspecified</pose>
		<truncated>1</truncated>
		<difficult>0</difficult>
		<bndbox>
			<xmin>1</xmin>
			<ymin>70</ymin>
			<xmax>291</xmax>
			<ymax>256</ymax>
		</bndbox>
	</object>
	<object>
		<name>horse</name>
		<pose>Unspecified</pose>
		<truncated>1</truncated>
		<difficult>0</difficult>
		<bndbox>
			<xmin>232</xmin>
			<ymin>24</ymin>
			<xmax>512</xmax>
			<ymax>155</ymax>
		</bndbox>
	</object>
</annotation>
