<annotation>
	<folder>men</folder>
	<filename>men10.jpg</filename>
	<path>C:\Users\Gurjot\Desktop\ThugHacks\men\men10.jpg</path>
	<source>
		<database>Unknown</database>
	</source>
	<size>
		<width>480</width>
		<height>320</height>
		<depth>3</depth>
	</size>
	<segmented>0</segmented>
	<object>
		<name>man</name>
		<pose>Unspecified</pose>
		<truncated>1</truncated>
		<difficult>0</difficult>
		<bndbox>
			<xmin>147</xmin>
			<ymin>7</ymin>
			<xmax>429</xmax>
			<ymax>320</ymax>
		</bndbox>
	</object>
</annotation>
