<annotation>
	<folder>men</folder>
	<filename>men12.jpg</filename>
	<path>C:\Users\Gurjot\Desktop\ThugHacks\men\men12.jpg</path>
	<source>
		<database>Unknown</database>
	</source>
	<size>
		<width>600</width>
		<height>400</height>
		<depth>3</depth>
	</size>
	<segmented>0</segmented>
	<object>
		<name>man</name>
		<pose>Unspecified</pose>
		<truncated>1</truncated>
		<difficult>0</difficult>
		<bndbox>
			<xmin>36</xmin>
			<ymin>10</ymin>
			<xmax>401</xmax>
			<ymax>400</ymax>
		</bndbox>
	</object>
</annotation>
