<annotation>
	<folder>men</folder>
	<filename>men16.jpg</filename>
	<path>C:\Users\Gurjot\Desktop\ThugHacks\men\men16.jpg</path>
	<source>
		<database>Unknown</database>
	</source>
	<size>
		<width>184</width>
		<height>275</height>
		<depth>3</depth>
	</size>
	<segmented>0</segmented>
	<object>
		<name>man</name>
		<pose>Unspecified</pose>
		<truncated>0</truncated>
		<difficult>0</difficult>
		<bndbox>
			<xmin>13</xmin>
			<ymin>3</ymin>
			<xmax>151</xmax>
			<ymax>261</ymax>
		</bndbox>
	</object>
</annotation>
