<annotation>
	<folder>men</folder>
	<filename>men14.jpg</filename>
	<path>C:\Users\Gurjot\Desktop\ThugHacks\men\men14.jpg</path>
	<source>
		<database>Unknown</database>
	</source>
	<size>
		<width>284</width>
		<height>177</height>
		<depth>3</depth>
	</size>
	<segmented>0</segmented>
	<object>
		<name>man</name>
		<pose>Unspecified</pose>
		<truncated>1</truncated>
		<difficult>0</difficult>
		<bndbox>
			<xmin>151</xmin>
			<ymin>1</ymin>
			<xmax>282</xmax>
			<ymax>177</ymax>
		</bndbox>
	</object>
</annotation>
