<annotation>
	<folder>men</folder>
	<filename>men18.jpg</filename>
	<path>C:\Users\Gurjot\Desktop\ThugHacks\men\men18.jpg</path>
	<source>
		<database>Unknown</database>
	</source>
	<size>
		<width>218</width>
		<height>231</height>
		<depth>3</depth>
	</size>
	<segmented>0</segmented>
	<object>
		<name>man</name>
		<pose>Unspecified</pose>
		<truncated>1</truncated>
		<difficult>0</difficult>
		<bndbox>
			<xmin>16</xmin>
			<ymin>11</ymin>
			<xmax>176</xmax>
			<ymax>231</ymax>
		</bndbox>
	</object>
</annotation>
