<annotation>
	<folder>men</folder>
	<filename>men11.jpg</filename>
	<path>C:\Users\Gurjot\Desktop\ThugHacks\men\men11.jpg</path>
	<source>
		<database>Unknown</database>
	</source>
	<size>
		<width>598</width>
		<height>398</height>
		<depth>3</depth>
	</size>
	<segmented>0</segmented>
	<object>
		<name>man</name>
		<pose>Unspecified</pose>
		<truncated>1</truncated>
		<difficult>0</difficult>
		<bndbox>
			<xmin>152</xmin>
			<ymin>10</ymin>
			<xmax>463</xmax>
			<ymax>398</ymax>
		</bndbox>
	</object>
</annotation>
