<annotation>
	<folder>men</folder>
	<filename>men13.jpg</filename>
	<path>C:\Users\Gurjot\Desktop\ThugHacks\men\men13.jpg</path>
	<source>
		<database>Unknown</database>
	</source>
	<size>
		<width>640</width>
		<height>640</height>
		<depth>3</depth>
	</size>
	<segmented>0</segmented>
	<object>
		<name>man</name>
		<pose>Unspecified</pose>
		<truncated>0</truncated>
		<difficult>0</difficult>
		<bndbox>
			<xmin>29</xmin>
			<ymin>70</ymin>
			<xmax>576</xmax>
			<ymax>617</ymax>
		</bndbox>
	</object>
</annotation>
