<annotation>
	<folder>men</folder>
	<filename>men17.jpg</filename>
	<path>C:\Users\Gurjot\Desktop\ThugHacks\men\men17.jpg</path>
	<source>
		<database>Unknown</database>
	</source>
	<size>
		<width>800</width>
		<height>600</height>
		<depth>3</depth>
	</size>
	<segmented>0</segmented>
	<object>
		<name>man</name>
		<pose>Unspecified</pose>
		<truncated>1</truncated>
		<difficult>0</difficult>
		<bndbox>
			<xmin>429</xmin>
			<ymin>45</ymin>
			<xmax>800</xmax>
			<ymax>391</ymax>
		</bndbox>
	</object>
	<object>
		<name>man</name>
		<pose>Unspecified</pose>
		<truncated>0</truncated>
		<difficult>0</difficult>
		<bndbox>
			<xmin>178</xmin>
			<ymin>51</ymin>
			<xmax>511</xmax>
			<ymax>424</ymax>
		</bndbox>
	</object>
	<object>
		<name>man</name>
		<pose>Unspecified</pose>
		<truncated>1</truncated>
		<difficult>0</difficult>
		<bndbox>
			<xmin>1</xmin>
			<ymin>34</ymin>
			<xmax>200</xmax>
			<ymax>450</ymax>
		</bndbox>
	</object>
</annotation>
