<annotation>
	<folder>men</folder>
	<filename>men19.jpg</filename>
	<path>C:\Users\Gurjot\Desktop\ThugHacks\men\men19.jpg</path>
	<source>
		<database>Unknown</database>
	</source>
	<size>
		<width>225</width>
		<height>225</height>
		<depth>3</depth>
	</size>
	<segmented>0</segmented>
	<object>
		<name>man</name>
		<pose>Unspecified</pose>
		<truncated>0</truncated>
		<difficult>0</difficult>
		<bndbox>
			<xmin>48</xmin>
			<ymin>5</ymin>
			<xmax>187</xmax>
			<ymax>224</ymax>
		</bndbox>
	</object>
</annotation>
