<annotation>
	<folder>men</folder>
	<filename>men1.jpg</filename>
	<path>C:\Users\Gurjot\Desktop\ThugHacks\men\men1.jpg</path>
	<source>
		<database>Unknown</database>
	</source>
	<size>
		<width>1000</width>
		<height>667</height>
		<depth>3</depth>
	</size>
	<segmented>0</segmented>
	<object>
		<name>man</name>
		<pose>Unspecified</pose>
		<truncated>1</truncated>
		<difficult>0</difficult>
		<bndbox>
			<xmin>116</xmin>
			<ymin>7</ymin>
			<xmax>497</xmax>
			<ymax>667</ymax>
		</bndbox>
	</object>
	<object>
		<name>man</name>
		<pose>Unspecified</pose>
		<truncated>1</truncated>
		<difficult>0</difficult>
		<bndbox>
			<xmin>557</xmin>
			<ymin>22</ymin>
			<xmax>893</xmax>
			<ymax>667</ymax>
		</bndbox>
	</object>
</annotation>
