<annotation>
	<folder>men</folder>
	<filename>men15.jpg</filename>
	<path>C:\Users\Gurjot\Desktop\ThugHacks\men\men15.jpg</path>
	<source>
		<database>Unknown</database>
	</source>
	<size>
		<width>620</width>
		<height>309</height>
		<depth>3</depth>
	</size>
	<segmented>0</segmented>
	<object>
		<name>man</name>
		<pose>Unspecified</pose>
		<truncated>1</truncated>
		<difficult>0</difficult>
		<bndbox>
			<xmin>88</xmin>
			<ymin>94</ymin>
			<xmax>219</xmax>
			<ymax>309</ymax>
		</bndbox>
	</object>
</annotation>
