<annotation>
	<folder>men</folder>
	<filename>men26.jpg</filename>
	<path>C:\Users\Gurjot\Desktop\ThugHacks\men\men26.jpg</path>
	<source>
		<database>Unknown</database>
	</source>
	<size>
		<width>316</width>
		<height>160</height>
		<depth>3</depth>
	</size>
	<segmented>0</segmented>
	<object>
		<name>man</name>
		<pose>Unspecified</pose>
		<truncated>1</truncated>
		<difficult>0</difficult>
		<bndbox>
			<xmin>73</xmin>
			<ymin>1</ymin>
			<xmax>244</xmax>
			<ymax>159</ymax>
		</bndbox>
	</object>
</annotation>
