<annotation>
	<folder>men</folder>
	<filename>men3.jpg</filename>
	<path>C:\Users\Gurjot\Desktop\ThugHacks\men\men3.jpg</path>
	<source>
		<database>Unknown</database>
	</source>
	<size>
		<width>259</width>
		<height>251</height>
		<depth>3</depth>
	</size>
	<segmented>0</segmented>
	<object>
		<name>man</name>
		<pose>Unspecified</pose>
		<truncated>1</truncated>
		<difficult>0</difficult>
		<bndbox>
			<xmin>64</xmin>
			<ymin>6</ymin>
			<xmax>193</xmax>
			<ymax>251</ymax>
		</bndbox>
	</object>
</annotation>
