<annotation>
	<folder>men</folder>
	<filename>men4.jpg</filename>
	<path>C:\Users\Gurjot\Desktop\ThugHacks\men\men4.jpg</path>
	<source>
		<database>Unknown</database>
	</source>
	<size>
		<width>940</width>
		<height>530</height>
		<depth>3</depth>
	</size>
	<segmented>0</segmented>
	<object>
		<name>man</name>
		<pose>Unspecified</pose>
		<truncated>0</truncated>
		<difficult>0</difficult>
		<bndbox>
			<xmin>357</xmin>
			<ymin>53</ymin>
			<xmax>631</xmax>
			<ymax>327</ymax>
		</bndbox>
	</object>
</annotation>
