<annotation>
	<folder>men</folder>
	<filename>men5.jpg</filename>
	<path>C:\Users\Gurjot\Desktop\ThugHacks\men\men5.jpg</path>
	<source>
		<database>Unknown</database>
	</source>
	<size>
		<width>738</width>
		<height>329</height>
		<depth>3</depth>
	</size>
	<segmented>0</segmented>
	<object>
		<name>man</name>
		<pose>Unspecified</pose>
		<truncated>0</truncated>
		<difficult>0</difficult>
		<bndbox>
			<xmin>379</xmin>
			<ymin>3</ymin>
			<xmax>653</xmax>
			<ymax>277</ymax>
		</bndbox>
	</object>
</annotation>
