<annotation>
	<folder>men</folder>
	<filename>men6.jpg</filename>
	<path>C:\Users\Gurjot\Desktop\ThugHacks\men\men6.jpg</path>
	<source>
		<database>Unknown</database>
	</source>
	<size>
		<width>516</width>
		<height>800</height>
		<depth>3</depth>
	</size>
	<segmented>0</segmented>
	<object>
		<name>man</name>
		<pose>Unspecified</pose>
		<truncated>0</truncated>
		<difficult>0</difficult>
		<bndbox>
			<xmin>7</xmin>
			<ymin>9</ymin>
			<xmax>472</xmax>
			<ymax>473</ymax>
		</bndbox>
	</object>
</annotation>
