<annotation>
	<folder>men</folder>
	<filename>men7.jpg</filename>
	<path>C:\Users\Gurjot\Desktop\ThugHacks\men\men7.jpg</path>
	<source>
		<database>Unknown</database>
	</source>
	<size>
		<width>700</width>
		<height>394</height>
		<depth>3</depth>
	</size>
	<segmented>0</segmented>
	<object>
		<name>man</name>
		<pose>Unspecified</pose>
		<truncated>0</truncated>
		<difficult>0</difficult>
		<bndbox>
			<xmin>220</xmin>
			<ymin>2</ymin>
			<xmax>561</xmax>
			<ymax>343</ymax>
		</bndbox>
	</object>
</annotation>
