<annotation>
	<folder>men</folder>
	<filename>men8.jpg</filename>
	<path>C:\Users\Gurjot\Desktop\ThugHacks\men\men8.jpg</path>
	<source>
		<database>Unknown</database>
	</source>
	<size>
		<width>626</width>
		<height>417</height>
		<depth>3</depth>
	</size>
	<segmented>0</segmented>
	<object>
		<name>man</name>
		<pose>Unspecified</pose>
		<truncated>0</truncated>
		<difficult>0</difficult>
		<bndbox>
			<xmin>33</xmin>
			<ymin>25</ymin>
			<xmax>373</xmax>
			<ymax>365</ymax>
		</bndbox>
	</object>
</annotation>
