<annotation>
	<folder>men</folder>
	<filename>men9.jpg</filename>
	<path>C:\Users\Gurjot\Desktop\ThugHacks\men\men9.jpg</path>
	<source>
		<database>Unknown</database>
	</source>
	<size>
		<width>600</width>
		<height>419</height>
		<depth>3</depth>
	</size>
	<segmented>0</segmented>
	<object>
		<name>man</name>
		<pose>Unspecified</pose>
		<truncated>0</truncated>
		<difficult>0</difficult>
		<bndbox>
			<xmin>182</xmin>
			<ymin>49</ymin>
			<xmax>531</xmax>
			<ymax>398</ymax>
		</bndbox>
	</object>
</annotation>
