<annotation>
	<folder>birds</folder>
	<filename>bird6.jpg</filename>
	<path>C:\Users\hsing.LAPTOP-MA36MISV\Desktop\Hackathon\birds\bird6.jpg</path>
	<source>
		<database>Unknown</database>
	</source>
	<size>
		<width>640</width>
		<height>456</height>
		<depth>3</depth>
	</size>
	<segmented>0</segmented>
	<object>
		<name>bird</name>
		<pose>Unspecified</pose>
		<truncated>0</truncated>
		<difficult>0</difficult>
		<bndbox>
			<xmin>236</xmin>
			<ymin>27</ymin>
			<xmax>569</xmax>
			<ymax>427</ymax>
		</bndbox>
	</object>
</annotation>
