<annotation>
	<folder>birds</folder>
	<filename>bird13.jpg</filename>
	<path>C:\Users\hsing.LAPTOP-MA36MISV\Desktop\Hackathon\birds\bird13.jpg</path>
	<source>
		<database>Unknown</database>
	</source>
	<size>
		<width>931</width>
		<height>524</height>
		<depth>3</depth>
	</size>
	<segmented>0</segmented>
	<object>
		<name>bird</name>
		<pose>Unspecified</pose>
		<truncated>0</truncated>
		<difficult>0</difficult>
		<bndbox>
			<xmin>177</xmin>
			<ymin>12</ymin>
			<xmax>409</xmax>
			<ymax>369</ymax>
		</bndbox>
	</object>
	<object>
		<name>bird</name>
		<pose>Unspecified</pose>
		<truncated>0</truncated>
		<difficult>0</difficult>
		<bndbox>
			<xmin>506</xmin>
			<ymin>175</ymin>
			<xmax>722</xmax>
			<ymax>521</ymax>
		</bndbox>
	</object>
</annotation>
