<annotation>
	<folder>birds</folder>
	<filename>bird20.jpg</filename>
	<path>C:\Users\hsing.LAPTOP-MA36MISV\Desktop\Hackathon\birds\bird20.jpg</path>
	<source>
		<database>Unknown</database>
	</source>
	<size>
		<width>1167</width>
		<height>400</height>
		<depth>3</depth>
	</size>
	<segmented>0</segmented>
	<object>
		<name>bird</name>
		<pose>Unspecified</pose>
		<truncated>1</truncated>
		<difficult>0</difficult>
		<bndbox>
			<xmin>41</xmin>
			<ymin>21</ymin>
			<xmax>445</xmax>
			<ymax>400</ymax>
		</bndbox>
	</object>
</annotation>
