<annotation>
	<folder>birds</folder>
	<filename>bird18.jpg</filename>
	<path>C:\Users\hsing.LAPTOP-MA36MISV\Desktop\Hackathon\birds\bird18.jpg</path>
	<source>
		<database>Unknown</database>
	</source>
	<size>
		<width>2700</width>
		<height>1800</height>
		<depth>3</depth>
	</size>
	<segmented>0</segmented>
	<object>
		<name>bird</name>
		<pose>Unspecified</pose>
		<truncated>0</truncated>
		<difficult>0</difficult>
		<bndbox>
			<xmin>726</xmin>
			<ymin>21</ymin>
			<xmax>1993</xmax>
			<ymax>1776</ymax>
		</bndbox>
	</object>
</annotation>
