<annotation>
	<folder>birds</folder>
	<filename>bird14.jpg</filename>
	<path>C:\Users\hsing.LAPTOP-MA36MISV\Desktop\Hackathon\birds\bird14.jpg</path>
	<source>
		<database>Unknown</database>
	</source>
	<size>
		<width>1080</width>
		<height>720</height>
		<depth>3</depth>
	</size>
	<segmented>0</segmented>
	<object>
		<name>bird</name>
		<pose>Unspecified</pose>
		<truncated>0</truncated>
		<difficult>0</difficult>
		<bndbox>
			<xmin>342</xmin>
			<ymin>140</ymin>
			<xmax>1012</xmax>
			<ymax>422</ymax>
		</bndbox>
	</object>
</annotation>
