<annotation>
	<folder>birds</folder>
	<filename>bird22.jpg</filename>
	<path>C:\Users\hsing.LAPTOP-MA36MISV\Desktop\Hackathon\birds\bird22.jpg</path>
	<source>
		<database>Unknown</database>
	</source>
	<size>
		<width>968</width>
		<height>681</height>
		<depth>3</depth>
	</size>
	<segmented>0</segmented>
	<object>
		<name>bird</name>
		<pose>Unspecified</pose>
		<truncated>0</truncated>
		<difficult>0</difficult>
		<bndbox>
			<xmin>225</xmin>
			<ymin>36</ymin>
			<xmax>876</xmax>
			<ymax>654</ymax>
		</bndbox>
	</object>
</annotation>
