<annotation>
	<folder>birds</folder>
	<filename>bird15.jpg</filename>
	<path>C:\Users\hsing.LAPTOP-MA36MISV\Desktop\Hackathon\birds\bird15.jpg</path>
	<source>
		<database>Unknown</database>
	</source>
	<size>
		<width>1000</width>
		<height>721</height>
		<depth>3</depth>
	</size>
	<segmented>0</segmented>
	<object>
		<name>bird</name>
		<pose>Unspecified</pose>
		<truncated>0</truncated>
		<difficult>0</difficult>
		<bndbox>
			<xmin>233</xmin>
			<ymin>113</ymin>
			<xmax>948</xmax>
			<ymax>651</ymax>
		</bndbox>
	</object>
</annotation>
