<annotation>
	<folder>snakes</folder>
	<filename>snake7.jpg</filename>
	<path>C:\Users\Administrator\Desktop\Thughacks\snakes\snakes\snake7.jpg</path>
	<source>
		<database>Unknown</database>
	</source>
	<size>
		<width>717</width>
		<height>657</height>
		<depth>3</depth>
	</size>
	<segmented>0</segmented>
	<object>
		<name>snake</name>
		<pose>Unspecified</pose>
		<truncated>0</truncated>
		<difficult>0</difficult>
		<bndbox>
			<xmin>215</xmin>
			<ymin>37</ymin>
			<xmax>700</xmax>
			<ymax>632</ymax>
		</bndbox>
	</object>
</annotation>
