<annotation>
	<folder>snakes</folder>
	<filename>snake6.jpg</filename>
	<path>C:\Users\Administrator\Desktop\Thughacks\snakes\snakes\snake6.jpg</path>
	<source>
		<database>Unknown</database>
	</source>
	<size>
		<width>800</width>
		<height>450</height>
		<depth>3</depth>
	</size>
	<segmented>0</segmented>
	<object>
		<name>snake</name>
		<pose>Unspecified</pose>
		<truncated>0</truncated>
		<difficult>0</difficult>
		<bndbox>
			<xmin>51</xmin>
			<ymin>2</ymin>
			<xmax>788</xmax>
			<ymax>445</ymax>
		</bndbox>
	</object>
</annotation>
