<annotation>
	<folder>snakes</folder>
	<filename>snake27.jpg</filename>
	<path>C:\Users\Administrator\Desktop\Thughacks\snakes\snakes\snake27.jpg</path>
	<source>
		<database>Unknown</database>
	</source>
	<size>
		<width>4048</width>
		<height>3036</height>
		<depth>3</depth>
	</size>
	<segmented>0</segmented>
	<object>
		<name>snake</name>
		<pose>Unspecified</pose>
		<truncated>0</truncated>
		<difficult>0</difficult>
		<bndbox>
			<xmin>1237</xmin>
			<ymin>529</ymin>
			<xmax>3379</xmax>
			<ymax>2514</ymax>
		</bndbox>
	</object>
</annotation>
