<annotation>
	<folder>snakes</folder>
	<filename>snake24.jpg</filename>
	<path>C:\Users\Administrator\Desktop\Thughacks\snakes\snakes\snake24.jpg</path>
	<source>
		<database>Unknown</database>
	</source>
	<size>
		<width>2600</width>
		<height>1950</height>
		<depth>3</depth>
	</size>
	<segmented>0</segmented>
	<object>
		<name>snake</name>
		<pose>Unspecified</pose>
		<truncated>0</truncated>
		<difficult>0</difficult>
		<bndbox>
			<xmin>278</xmin>
			<ymin>137</ymin>
			<xmax>2239</xmax>
			<ymax>1703</ymax>
		</bndbox>
	</object>
</annotation>
