<annotation>
	<folder>snakes</folder>
	<filename>snake20.jpg</filename>
	<path>C:\Users\Administrator\Desktop\Thughacks\snakes\snakes\snake20.jpg</path>
	<source>
		<database>Unknown</database>
	</source>
	<size>
		<width>1000</width>
		<height>1500</height>
		<depth>3</depth>
	</size>
	<segmented>0</segmented>
	<object>
		<name>snake</name>
		<pose>Unspecified</pose>
		<truncated>1</truncated>
		<difficult>0</difficult>
		<bndbox>
			<xmin>106</xmin>
			<ymin>281</ymin>
			<xmax>766</xmax>
			<ymax>1500</ymax>
		</bndbox>
	</object>
</annotation>
