<annotation>
	<folder>snakes</folder>
	<filename>snake18.jpg</filename>
	<path>C:\Users\Administrator\Desktop\Thughacks\snakes\snakes\snake18.jpg</path>
	<source>
		<database>Unknown</database>
	</source>
	<size>
		<width>1484</width>
		<height>1093</height>
		<depth>3</depth>
	</size>
	<segmented>0</segmented>
	<object>
		<name>snake</name>
		<pose>Unspecified</pose>
		<truncated>0</truncated>
		<difficult>0</difficult>
		<bndbox>
			<xmin>190</xmin>
			<ymin>161</ymin>
			<xmax>1344</xmax>
			<ymax>822</ymax>
		</bndbox>
	</object>
</annotation>
