<annotation>
	<folder>snakes</folder>
	<filename>snake9.jpg</filename>
	<path>C:\Users\Administrator\Desktop\Thughacks\snakes\snakes\snake9.jpg</path>
	<source>
		<database>Unknown</database>
	</source>
	<size>
		<width>907</width>
		<height>510</height>
		<depth>3</depth>
	</size>
	<segmented>0</segmented>
	<object>
		<name>snake</name>
		<pose>Unspecified</pose>
		<truncated>1</truncated>
		<difficult>0</difficult>
		<bndbox>
			<xmin>203</xmin>
			<ymin>9</ymin>
			<xmax>907</xmax>
			<ymax>432</ymax>
		</bndbox>
	</object>
</annotation>
