<annotation>
	<folder>snakes</folder>
	<filename>snake17.jpg</filename>
	<path>C:\Users\Administrator\Desktop\Thughacks\snakes\snakes\snake17.jpg</path>
	<source>
		<database>Unknown</database>
	</source>
	<size>
		<width>1200</width>
		<height>630</height>
		<depth>3</depth>
	</size>
	<segmented>0</segmented>
	<object>
		<name>snake</name>
		<pose>Unspecified</pose>
		<truncated>0</truncated>
		<difficult>0</difficult>
		<bndbox>
			<xmin>175</xmin>
			<ymin>2</ymin>
			<xmax>1063</xmax>
			<ymax>613</ymax>
		</bndbox>
	</object>
</annotation>
