<annotation>
	<folder>snakes</folder>
	<filename>snake8.jpg</filename>
	<path>C:\Users\Administrator\Desktop\Thughacks\snakes\snakes\snake8.jpg</path>
	<source>
		<database>Unknown</database>
	</source>
	<size>
		<width>653</width>
		<height>436</height>
		<depth>3</depth>
	</size>
	<segmented>0</segmented>
	<object>
		<name>snake</name>
		<pose>Unspecified</pose>
		<truncated>0</truncated>
		<difficult>0</difficult>
		<bndbox>
			<xmin>25</xmin>
			<ymin>44</ymin>
			<xmax>643</xmax>
			<ymax>424</ymax>
		</bndbox>
	</object>
</annotation>
