<annotation>
	<folder>houses</folder>
	<filename>ho1.jpg</filename>
	<path>C:\Users\Gurjot\Desktop\ThugHacks\houses\ho1.jpg</path>
	<source>
		<database>Unknown</database>
	</source>
	<size>
		<width>885</width>
		<height>590</height>
		<depth>3</depth>
	</size>
	<segmented>0</segmented>
	<object>
		<name>house</name>
		<pose>Unspecified</pose>
		<truncated>0</truncated>
		<difficult>0</difficult>
		<bndbox>
			<xmin>62</xmin>
			<ymin>91</ymin>
			<xmax>441</xmax>
			<ymax>399</ymax>
		</bndbox>
	</object>
	<object>
		<name>house</name>
		<pose>Unspecified</pose>
		<truncated>0</truncated>
		<difficult>0</difficult>
		<bndbox>
			<xmin>448</xmin>
			<ymin>136</ymin>
			<xmax>860</xmax>
			<ymax>364</ymax>
		</bndbox>
	</object>
	<object>
		<name>house</name>
		<pose>Unspecified</pose>
		<truncated>1</truncated>
		<difficult>0</difficult>
		<bndbox>
			<xmin>1</xmin>
			<ymin>243</ymin>
			<xmax>59</xmax>
			<ymax>369</ymax>
		</bndbox>
	</object>
</annotation>
