<annotation>
	<folder>houses</folder>
	<filename>ho11.jpg</filename>
	<path>C:\Users\Gurjot\Desktop\ThugHacks\houses\ho11.jpg</path>
	<source>
		<database>Unknown</database>
	</source>
	<size>
		<width>986</width>
		<height>554</height>
		<depth>3</depth>
	</size>
	<segmented>0</segmented>
	<object>
		<name>house</name>
		<pose>Unspecified</pose>
		<truncated>0</truncated>
		<difficult>0</difficult>
		<bndbox>
			<xmin>251</xmin>
			<ymin>2</ymin>
			<xmax>908</xmax>
			<ymax>551</ymax>
		</bndbox>
	</object>
</annotation>
