<annotation>
	<folder>houses</folder>
	<filename>ho12.jpg</filename>
	<path>C:\Users\Gurjot\Desktop\ThugHacks\houses\ho12.jpg</path>
	<source>
		<database>Unknown</database>
	</source>
	<size>
		<width>600</width>
		<height>400</height>
		<depth>3</depth>
	</size>
	<segmented>0</segmented>
	<object>
		<name>house</name>
		<pose>Unspecified</pose>
		<truncated>0</truncated>
		<difficult>0</difficult>
		<bndbox>
			<xmin>33</xmin>
			<ymin>53</ymin>
			<xmax>558</xmax>
			<ymax>360</ymax>
		</bndbox>
	</object>
</annotation>
