<annotation>
	<folder>houses</folder>
	<filename>ho13.jpg</filename>
	<path>C:\Users\Gurjot\Desktop\ThugHacks\houses\ho13.jpg</path>
	<source>
		<database>Unknown</database>
	</source>
	<size>
		<width>1280</width>
		<height>960</height>
		<depth>3</depth>
	</size>
	<segmented>0</segmented>
	<object>
		<name>house</name>
		<pose>Unspecified</pose>
		<truncated>0</truncated>
		<difficult>0</difficult>
		<bndbox>
			<xmin>148</xmin>
			<ymin>38</ymin>
			<xmax>1229</xmax>
			<ymax>835</ymax>
		</bndbox>
	</object>
</annotation>
