<annotation>
	<folder>houses</folder>
	<filename>ho15.jpg</filename>
	<path>C:\Users\Gurjot\Desktop\ThugHacks\houses\ho15.jpg</path>
	<source>
		<database>Unknown</database>
	</source>
	<size>
		<width>1600</width>
		<height>800</height>
		<depth>3</depth>
	</size>
	<segmented>0</segmented>
	<object>
		<name>house</name>
		<pose>Unspecified</pose>
		<truncated>0</truncated>
		<difficult>0</difficult>
		<bndbox>
			<xmin>305</xmin>
			<ymin>16</ymin>
			<xmax>1356</xmax>
			<ymax>614</ymax>
		</bndbox>
	</object>
</annotation>
