<annotation>
	<folder>houses</folder>
	<filename>ho16.jpg</filename>
	<path>C:\Users\Gurjot\Desktop\ThugHacks\houses\ho16.jpg</path>
	<source>
		<database>Unknown</database>
	</source>
	<size>
		<width>1067</width>
		<height>648</height>
		<depth>3</depth>
	</size>
	<segmented>0</segmented>
	<object>
		<name>house</name>
		<pose>Unspecified</pose>
		<truncated>0</truncated>
		<difficult>0</difficult>
		<bndbox>
			<xmin>111</xmin>
			<ymin>44</ymin>
			<xmax>983</xmax>
			<ymax>603</ymax>
		</bndbox>
	</object>
</annotation>
