<annotation>
	<folder>houses</folder>
	<filename>ho18.jpg</filename>
	<path>C:\Users\Gurjot\Desktop\ThugHacks\houses\ho18.jpg</path>
	<source>
		<database>Unknown</database>
	</source>
	<size>
		<width>1024</width>
		<height>768</height>
		<depth>3</depth>
	</size>
	<segmented>0</segmented>
	<object>
		<name>house</name>
		<pose>Unspecified</pose>
		<truncated>0</truncated>
		<difficult>0</difficult>
		<bndbox>
			<xmin>220</xmin>
			<ymin>14</ymin>
			<xmax>758</xmax>
			<ymax>746</ymax>
		</bndbox>
	</object>
	<object>
		<name>house</name>
		<pose>Unspecified</pose>
		<truncated>1</truncated>
		<difficult>0</difficult>
		<bndbox>
			<xmin>737</xmin>
			<ymin>72</ymin>
			<xmax>1024</xmax>
			<ymax>719</ymax>
		</bndbox>
	</object>
	<object>
		<name>house</name>
		<pose>Unspecified</pose>
		<truncated>1</truncated>
		<difficult>0</difficult>
		<bndbox>
			<xmin>1</xmin>
			<ymin>123</ymin>
			<xmax>219</xmax>
			<ymax>642</ymax>
		</bndbox>
	</object>
</annotation>
