<annotation>
	<folder>houses</folder>
	<filename>ho19.jpg</filename>
	<path>C:\Users\Gurjot\Desktop\ThugHacks\houses\ho19.jpg</path>
	<source>
		<database>Unknown</database>
	</source>
	<size>
		<width>4032</width>
		<height>3024</height>
		<depth>3</depth>
	</size>
	<segmented>0</segmented>
	<object>
		<name>house</name>
		<pose>Unspecified</pose>
		<truncated>0</truncated>
		<difficult>0</difficult>
		<bndbox>
			<xmin>424</xmin>
			<ymin>408</ymin>
			<xmax>3391</xmax>
			<ymax>2376</ymax>
		</bndbox>
	</object>
</annotation>
