<annotation>
	<folder>houses</folder>
	<filename>ho2.jpg</filename>
	<path>C:\Users\Gurjot\Desktop\ThugHacks\houses\ho2.jpg</path>
	<source>
		<database>Unknown</database>
	</source>
	<size>
		<width>1500</width>
		<height>844</height>
		<depth>3</depth>
	</size>
	<segmented>0</segmented>
	<object>
		<name>house</name>
		<pose>Unspecified</pose>
		<truncated>0</truncated>
		<difficult>0</difficult>
		<bndbox>
			<xmin>216</xmin>
			<ymin>34</ymin>
			<xmax>1301</xmax>
			<ymax>580</ymax>
		</bndbox>
	</object>
</annotation>
