<annotation>
	<folder>houses</folder>
	<filename>ho20.jpg</filename>
	<path>C:\Users\Gurjot\Desktop\ThugHacks\houses\ho20.jpg</path>
	<source>
		<database>Unknown</database>
	</source>
	<size>
		<width>1280</width>
		<height>720</height>
		<depth>3</depth>
	</size>
	<segmented>0</segmented>
	<object>
		<name>house</name>
		<pose>Unspecified</pose>
		<truncated>1</truncated>
		<difficult>0</difficult>
		<bndbox>
			<xmin>7</xmin>
			<ymin>1</ymin>
			<xmax>1184</xmax>
			<ymax>633</ymax>
		</bndbox>
	</object>
</annotation>
