<annotation>
	<folder>houses</folder>
	<filename>ho22.jpg</filename>
	<path>C:\Users\Gurjot\Desktop\ThugHacks\houses\ho22.jpg</path>
	<source>
		<database>Unknown</database>
	</source>
	<size>
		<width>960</width>
		<height>638</height>
		<depth>3</depth>
	</size>
	<segmented>0</segmented>
	<object>
		<name>house</name>
		<pose>Unspecified</pose>
		<truncated>0</truncated>
		<difficult>0</difficult>
		<bndbox>
			<xmin>104</xmin>
			<ymin>9</ymin>
			<xmax>734</xmax>
			<ymax>542</ymax>
		</bndbox>
	</object>
</annotation>
