<annotation>
	<folder>houses</folder>
	<filename>ho23.jpg</filename>
	<path>C:\Users\Gurjot\Desktop\ThugHacks\houses\ho23.jpg</path>
	<source>
		<database>Unknown</database>
	</source>
	<size>
		<width>960</width>
		<height>540</height>
		<depth>3</depth>
	</size>
	<segmented>0</segmented>
	<object>
		<name>house</name>
		<pose>Unspecified</pose>
		<truncated>1</truncated>
		<difficult>0</difficult>
		<bndbox>
			<xmin>324</xmin>
			<ymin>1</ymin>
			<xmax>936</xmax>
			<ymax>429</ymax>
		</bndbox>
	</object>
</annotation>
