<annotation>
	<folder>houses</folder>
	<filename>ho24.jpg</filename>
	<path>C:\Users\Gurjot\Desktop\ThugHacks\houses\ho24.jpg</path>
	<source>
		<database>Unknown</database>
	</source>
	<size>
		<width>275</width>
		<height>183</height>
		<depth>3</depth>
	</size>
	<segmented>0</segmented>
	<object>
		<name>house</name>
		<pose>Unspecified</pose>
		<truncated>0</truncated>
		<difficult>0</difficult>
		<bndbox>
			<xmin>40</xmin>
			<ymin>46</ymin>
			<xmax>222</xmax>
			<ymax>135</ymax>
		</bndbox>
	</object>
</annotation>
