<annotation>
	<folder>houses</folder>
	<filename>ho25.jpg</filename>
	<path>C:\Users\Gurjot\Desktop\ThugHacks\houses\ho25.jpg</path>
	<source>
		<database>Unknown</database>
	</source>
	<size>
		<width>275</width>
		<height>183</height>
		<depth>3</depth>
	</size>
	<segmented>0</segmented>
	<object>
		<name>house</name>
		<pose>Unspecified</pose>
		<truncated>0</truncated>
		<difficult>0</difficult>
		<bndbox>
			<xmin>81</xmin>
			<ymin>62</ymin>
			<xmax>197</xmax>
			<ymax>174</ymax>
		</bndbox>
	</object>
</annotation>
