<annotation>
	<folder>houses</folder>
	<filename>ho27.jpg</filename>
	<path>C:\Users\Gurjot\Desktop\ThugHacks\houses\ho27.jpg</path>
	<source>
		<database>Unknown</database>
	</source>
	<size>
		<width>800</width>
		<height>565</height>
		<depth>3</depth>
	</size>
	<segmented>0</segmented>
	<object>
		<name>house</name>
		<pose>Unspecified</pose>
		<truncated>0</truncated>
		<difficult>0</difficult>
		<bndbox>
			<xmin>34</xmin>
			<ymin>3</ymin>
			<xmax>787</xmax>
			<ymax>502</ymax>
		</bndbox>
	</object>
</annotation>
