<annotation>
	<folder>houses</folder>
	<filename>ho29.jpg</filename>
	<path>C:\Users\Gurjot\Desktop\ThugHacks\houses\ho29.jpg</path>
	<source>
		<database>Unknown</database>
	</source>
	<size>
		<width>720</width>
		<height>960</height>
		<depth>3</depth>
	</size>
	<segmented>0</segmented>
	<object>
		<name>house</name>
		<pose>Unspecified</pose>
		<truncated>1</truncated>
		<difficult>0</difficult>
		<bndbox>
			<xmin>3</xmin>
			<ymin>105</ymin>
			<xmax>720</xmax>
			<ymax>882</ymax>
		</bndbox>
	</object>
</annotation>
