<annotation>
	<folder>houses</folder>
	<filename>ho7.jpg</filename>
	<path>C:\Users\Gurjot\Desktop\ThugHacks\houses\ho7.jpg</path>
	<source>
		<database>Unknown</database>
	</source>
	<size>
		<width>920</width>
		<height>638</height>
		<depth>3</depth>
	</size>
	<segmented>0</segmented>
	<object>
		<name>house</name>
		<pose>Unspecified</pose>
		<truncated>0</truncated>
		<difficult>0</difficult>
		<bndbox>
			<xmin>29</xmin>
			<ymin>133</ymin>
			<xmax>823</xmax>
			<ymax>464</ymax>
		</bndbox>
	</object>
</annotation>
