<annotation>
	<folder>houses</folder>
	<filename>ho8.jpg</filename>
	<path>C:\Users\Gurjot\Desktop\ThugHacks\houses\ho8.jpg</path>
	<source>
		<database>Unknown</database>
	</source>
	<size>
		<width>1026</width>
		<height>688</height>
		<depth>3</depth>
	</size>
	<segmented>0</segmented>
	<object>
		<name>house</name>
		<pose>Unspecified</pose>
		<truncated>0</truncated>
		<difficult>0</difficult>
		<bndbox>
			<xmin>27</xmin>
			<ymin>13</ymin>
			<xmax>1024</xmax>
			<ymax>611</ymax>
		</bndbox>
	</object>
</annotation>
