<annotation>
	<folder>houses</folder>
	<filename>ho9.jpg</filename>
	<path>C:\Users\Gurjot\Desktop\ThugHacks\houses\ho9.jpg</path>
	<source>
		<database>Unknown</database>
	</source>
	<size>
		<width>1200</width>
		<height>800</height>
		<depth>3</depth>
	</size>
	<segmented>0</segmented>
	<object>
		<name>house</name>
		<pose>Unspecified</pose>
		<truncated>0</truncated>
		<difficult>0</difficult>
		<bndbox>
			<xmin>133</xmin>
			<ymin>127</ymin>
			<xmax>1092</xmax>
			<ymax>706</ymax>
		</bndbox>
	</object>
	<object>
		<name>house</name>
		<pose>Unspecified</pose>
		<truncated>1</truncated>
		<difficult>0</difficult>
		<bndbox>
			<xmin>1</xmin>
			<ymin>318</ymin>
			<xmax>148</xmax>
			<ymax>677</ymax>
		</bndbox>
	</object>
</annotation>
