<annotation>
	<folder>balls</folder>
	<filename>b3.jpg</filename>
	<path>C:\Users\Ares\Downloads\hack2019\balls\b3.jpg</path>
	<source>
		<database>Unknown</database>
	</source>
	<size>
		<width>1024</width>
		<height>683</height>
		<depth>3</depth>
	</size>
	<segmented>0</segmented>
	<object>
		<name>ball</name>
		<pose>Unspecified</pose>
		<truncated>0</truncated>
		<difficult>0</difficult>
		<bndbox>
			<xmin>372</xmin>
			<ymin>148</ymin>
			<xmax>904</xmax>
			<ymax>612</ymax>
		</bndbox>
	</object>
</annotation>
