<annotation>
	<folder>balls</folder>
	<filename>b4.jpg</filename>
	<path>C:\Users\Ares\Downloads\hack2019\balls\b4.jpg</path>
	<source>
		<database>Unknown</database>
	</source>
	<size>
		<width>2370</width>
		<height>1580</height>
		<depth>3</depth>
	</size>
	<segmented>0</segmented>
	<object>
		<name>ball</name>
		<pose>Unspecified</pose>
		<truncated>0</truncated>
		<difficult>0</difficult>
		<bndbox>
			<xmin>122</xmin>
			<ymin>95</ymin>
			<xmax>1635</xmax>
			<ymax>1448</ymax>
		</bndbox>
	</object>
</annotation>
