<annotation>
	<folder>balls</folder>
	<filename>b5.jpg</filename>
	<path>C:\Users\Ares\Downloads\hack2019\balls\b5.jpg</path>
	<source>
		<database>Unknown</database>
	</source>
	<size>
		<width>228</width>
		<height>221</height>
		<depth>3</depth>
	</size>
	<segmented>0</segmented>
	<object>
		<name>ball</name>
		<pose>Unspecified</pose>
		<truncated>0</truncated>
		<difficult>0</difficult>
		<bndbox>
			<xmin>13</xmin>
			<ymin>12</ymin>
			<xmax>213</xmax>
			<ymax>204</ymax>
		</bndbox>
	</object>
</annotation>
