<annotation>
	<folder>balls</folder>
	<filename>b7.JPG</filename>
	<path>C:\Users\Ares\Downloads\hack2019\balls\b7.JPG</path>
	<source>
		<database>Unknown</database>
	</source>
	<size>
		<width>4500</width>
		<height>3000</height>
		<depth>3</depth>
	</size>
	<segmented>0</segmented>
	<object>
		<name>ball</name>
		<pose>Unspecified</pose>
		<truncated>0</truncated>
		<difficult>0</difficult>
		<bndbox>
			<xmin>856</xmin>
			<ymin>732</ymin>
			<xmax>2144</xmax>
			<ymax>1991</ymax>
		</bndbox>
	</object>
</annotation>
