<annotation>
	<folder>balls</folder>
	<filename>s6.jpeg</filename>
	<path>C:\Users\Ares\Downloads\hack2019\balls\s6.jpeg</path>
	<source>
		<database>Unknown</database>
	</source>
	<size>
		<width>770</width>
		<height>433</height>
		<depth>3</depth>
	</size>
	<segmented>0</segmented>
	<object>
		<name>ball</name>
		<pose>Unspecified</pose>
		<truncated>0</truncated>
		<difficult>0</difficult>
		<bndbox>
			<xmin>249</xmin>
			<ymin>60</ymin>
			<xmax>584</xmax>
			<ymax>397</ymax>
		</bndbox>
	</object>
</annotation>
