<annotation>
	<folder>balls</folder>
	<filename>f8.jpg</filename>
	<path>C:\Users\Ares\Downloads\hack2019\balls\f8.jpg</path>
	<source>
		<database>Unknown</database>
	</source>
	<size>
		<width>500</width>
		<height>357</height>
		<depth>3</depth>
	</size>
	<segmented>0</segmented>
	<object>
		<name>ball</name>
		<pose>Unspecified</pose>
		<truncated>0</truncated>
		<difficult>0</difficult>
		<bndbox>
			<xmin>11</xmin>
			<ymin>84</ymin>
			<xmax>260</xmax>
			<ymax>281</ymax>
		</bndbox>
	</object>
	<object>
		<name>ball</name>
		<pose>Unspecified</pose>
		<truncated>0</truncated>
		<difficult>0</difficult>
		<bndbox>
			<xmin>177</xmin>
			<ymin>149</ymin>
			<xmax>430</xmax>
			<ymax>356</ymax>
		</bndbox>
	</object>
	<object>
		<name>ball</name>
		<pose>Unspecified</pose>
		<truncated>0</truncated>
		<difficult>0</difficult>
		<bndbox>
			<xmin>190</xmin>
			<ymin>30</ymin>
			<xmax>483</xmax>
			<ymax>181</ymax>
		</bndbox>
	</object>
</annotation>
