<annotation>
	<folder>balls</folder>
	<filename>s10.jpg</filename>
	<path>C:\Users\Ares\Downloads\hack2019\balls\s10.jpg</path>
	<source>
		<database>Unknown</database>
	</source>
	<size>
		<width>460</width>
		<height>208</height>
		<depth>3</depth>
	</size>
	<segmented>0</segmented>
	<object>
		<name>ball</name>
		<pose>Unspecified</pose>
		<truncated>0</truncated>
		<difficult>0</difficult>
		<bndbox>
			<xmin>79</xmin>
			<ymin>40</ymin>
			<xmax>244</xmax>
			<ymax>206</ymax>
		</bndbox>
	</object>
</annotation>
