<annotation>
	<folder>balls</folder>
	<filename>bb4.jpg</filename>
	<path>C:\Users\Ares\Downloads\hack2019\balls\bb4.jpg</path>
	<source>
		<database>Unknown</database>
	</source>
	<size>
		<width>480</width>
		<height>572</height>
		<depth>3</depth>
	</size>
	<segmented>0</segmented>
	<object>
		<name>ball</name>
		<pose>Unspecified</pose>
		<truncated>1</truncated>
		<difficult>0</difficult>
		<bndbox>
			<xmin>38</xmin>
			<ymin>20</ymin>
			<xmax>480</xmax>
			<ymax>519</ymax>
		</bndbox>
	</object>
</annotation>
