<annotation>
	<folder>balls</folder>
	<filename>b2.jpg</filename>
	<path>C:\Users\Ares\Downloads\hack2019\balls\b2.jpg</path>
	<source>
		<database>Unknown</database>
	</source>
	<size>
		<width>970</width>
		<height>450</height>
		<depth>3</depth>
	</size>
	<segmented>0</segmented>
	<object>
		<name>ball</name>
		<pose>Unspecified</pose>
		<truncated>0</truncated>
		<difficult>0</difficult>
		<bndbox>
			<xmin>121</xmin>
			<ymin>169</ymin>
			<xmax>376</xmax>
			<ymax>406</ymax>
		</bndbox>
	</object>
</annotation>
