<annotation>
	<folder>balls</folder>
	<filename>b8.jpg</filename>
	<path>C:\Users\Ares\Downloads\hack2019\balls\b8.jpg</path>
	<source>
		<database>Unknown</database>
	</source>
	<size>
		<width>620</width>
		<height>348</height>
		<depth>3</depth>
	</size>
	<segmented>0</segmented>
	<object>
		<name>ball</name>
		<pose>Unspecified</pose>
		<truncated>0</truncated>
		<difficult>0</difficult>
		<bndbox>
			<xmin>134</xmin>
			<ymin>17</ymin>
			<xmax>423</xmax>
			<ymax>286</ymax>
		</bndbox>
	</object>
</annotation>
