<annotation>
	<folder>balls</folder>
	<filename>f2.jpg</filename>
	<path>C:\Users\Ares\Downloads\hack2019\balls\f2.jpg</path>
	<source>
		<database>Unknown</database>
	</source>
	<size>
		<width>286</width>
		<height>176</height>
		<depth>3</depth>
	</size>
	<segmented>0</segmented>
	<object>
		<name>ball</name>
		<pose>Unspecified</pose>
		<truncated>0</truncated>
		<difficult>0</difficult>
		<bndbox>
			<xmin>142</xmin>
			<ymin>76</ymin>
			<xmax>276</xmax>
			<ymax>170</ymax>
		</bndbox>
	</object>
</annotation>
