<annotation>
	<folder>balls</folder>
	<filename>f1.jpg</filename>
	<path>C:\Users\Ares\Downloads\hack2019\balls\f1.jpg</path>
	<source>
		<database>Unknown</database>
	</source>
	<size>
		<width>300</width>
		<height>168</height>
		<depth>3</depth>
	</size>
	<segmented>0</segmented>
	<object>
		<name>ball</name>
		<pose>Unspecified</pose>
		<truncated>0</truncated>
		<difficult>0</difficult>
		<bndbox>
			<xmin>66</xmin>
			<ymin>8</ymin>
			<xmax>255</xmax>
			<ymax>157</ymax>
		</bndbox>
	</object>
</annotation>
