<annotation>
	<folder>balls</folder>
	<filename>bb1.JPG</filename>
	<path>C:\Users\Ares\Downloads\hack2019\balls\bb1.JPG</path>
	<source>
		<database>Unknown</database>
	</source>
	<size>
		<width>820</width>
		<height>450</height>
		<depth>3</depth>
	</size>
	<segmented>0</segmented>
	<object>
		<name>ball</name>
		<pose>Unspecified</pose>
		<truncated>0</truncated>
		<difficult>0</difficult>
		<bndbox>
			<xmin>201</xmin>
			<ymin>216</ymin>
			<xmax>474</xmax>
			<ymax>447</ymax>
		</bndbox>
	</object>
</annotation>
