<annotation>
	<folder>balls</folder>
	<filename>bb2.jpg</filename>
	<path>C:\Users\Ares\Downloads\hack2019\balls\bb2.jpg</path>
	<source>
		<database>Unknown</database>
	</source>
	<size>
		<width>720</width>
		<height>479</height>
		<depth>3</depth>
	</size>
	<segmented>0</segmented>
	<object>
		<name>ball</name>
		<pose>Unspecified</pose>
		<truncated>0</truncated>
		<difficult>0</difficult>
		<bndbox>
			<xmin>206</xmin>
			<ymin>59</ymin>
			<xmax>486</xmax>
			<ymax>319</ymax>
		</bndbox>
	</object>
</annotation>
