<annotation>
	<folder>balls</folder>
	<filename>bb3.jpg</filename>
	<path>C:\Users\Ares\Downloads\hack2019\balls\bb3.jpg</path>
	<source>
		<database>Unknown</database>
	</source>
	<size>
		<width>700</width>
		<height>367</height>
		<depth>3</depth>
	</size>
	<segmented>0</segmented>
	<object>
		<name>ball</name>
		<pose>Unspecified</pose>
		<truncated>0</truncated>
		<difficult>0</difficult>
		<bndbox>
			<xmin>132</xmin>
			<ymin>54</ymin>
			<xmax>343</xmax>
			<ymax>229</ymax>
		</bndbox>
	</object>
</annotation>
