<annotation>
	<folder>balls</folder>
	<filename>bb5.jpg</filename>
	<path>C:\Users\Ares\Downloads\hack2019\balls\bb5.jpg</path>
	<source>
		<database>Unknown</database>
	</source>
	<size>
		<width>1300</width>
		<height>724</height>
		<depth>3</depth>
	</size>
	<segmented>0</segmented>
	<object>
		<name>ball</name>
		<pose>Unspecified</pose>
		<truncated>1</truncated>
		<difficult>0</difficult>
		<bndbox>
			<xmin>79</xmin>
			<ymin>16</ymin>
			<xmax>884</xmax>
			<ymax>724</ymax>
		</bndbox>
	</object>
	<object>
		<name>ball</name>
		<pose>Unspecified</pose>
		<truncated>0</truncated>
		<difficult>0</difficult>
		<bndbox>
			<xmin>785</xmin>
			<ymin>154</ymin>
			<xmax>1168</xmax>
			<ymax>681</ymax>
		</bndbox>
	</object>
	<object>
		<name>ball</name>
		<pose>Unspecified</pose>
		<truncated>0</truncated>
		<difficult>0</difficult>
		<bndbox>
			<xmin>1065</xmin>
			<ymin>211</ymin>
			<xmax>1277</xmax>
			<ymax>608</ymax>
		</bndbox>
	</object>
</annotation>
