<annotation>
	<folder>balls</folder>
	<filename>bb6.jpg</filename>
	<path>C:\Users\Ares\Downloads\hack2019\balls\bb6.jpg</path>
	<source>
		<database>Unknown</database>
	</source>
	<size>
		<width>960</width>
		<height>720</height>
		<depth>3</depth>
	</size>
	<segmented>0</segmented>
	<object>
		<name>ball</name>
		<pose>Unspecified</pose>
		<truncated>0</truncated>
		<difficult>0</difficult>
		<bndbox>
			<xmin>5</xmin>
			<ymin>54</ymin>
			<xmax>486</xmax>
			<ymax>584</ymax>
		</bndbox>
	</object>
	<object>
		<name>ball</name>
		<pose>Unspecified</pose>
		<truncated>1</truncated>
		<difficult>0</difficult>
		<bndbox>
			<xmin>509</xmin>
			<ymin>61</ymin>
			<xmax>960</xmax>
			<ymax>584</ymax>
		</bndbox>
	</object>
</annotation>
