<annotation>
	<folder>balls</folder>
	<filename>bb7.jpg</filename>
	<path>C:\Users\Ares\Downloads\hack2019\balls\bb7.jpg</path>
	<source>
		<database>Unknown</database>
	</source>
	<size>
		<width>1024</width>
		<height>683</height>
		<depth>3</depth>
	</size>
	<segmented>0</segmented>
	<object>
		<name>ball</name>
		<pose>Unspecified</pose>
		<truncated>1</truncated>
		<difficult>0</difficult>
		<bndbox>
			<xmin>473</xmin>
			<ymin>126</ymin>
			<xmax>1020</xmax>
			<ymax>683</ymax>
		</bndbox>
	</object>
	<object>
		<name>ball</name>
		<pose>Unspecified</pose>
		<truncated>0</truncated>
		<difficult>0</difficult>
		<bndbox>
			<xmin>3</xmin>
			<ymin>8</ymin>
			<xmax>544</xmax>
			<ymax>499</ymax>
		</bndbox>
	</object>
</annotation>
