<annotation>
	<folder>balls</folder>
	<filename>f3.jpg</filename>
	<path>C:\Users\Ares\Downloads\hack2019\balls\f3.jpg</path>
	<source>
		<database>Unknown</database>
	</source>
	<size>
		<width>2987</width>
		<height>1680</height>
		<depth>3</depth>
	</size>
	<segmented>0</segmented>
	<object>
		<name>ball</name>
		<pose>Unspecified</pose>
		<truncated>0</truncated>
		<difficult>0</difficult>
		<bndbox>
			<xmin>197</xmin>
			<ymin>462</ymin>
			<xmax>1645</xmax>
			<ymax>1402</ymax>
		</bndbox>
	</object>
	<object>
		<name>ball</name>
		<pose>Unspecified</pose>
		<truncated>0</truncated>
		<difficult>0</difficult>
		<bndbox>
			<xmin>781</xmin>
			<ymin>362</ymin>
			<xmax>1945</xmax>
			<ymax>1218</ymax>
		</bndbox>
	</object>
	<object>
		<name>ball</name>
		<pose>Unspecified</pose>
		<truncated>0</truncated>
		<difficult>0</difficult>
		<bndbox>
			<xmin>1281</xmin>
			<ymin>274</ymin>
			<xmax>2361</xmax>
			<ymax>1094</ymax>
		</bndbox>
	</object>
	<object>
		<name>ball</name>
		<pose>Unspecified</pose>
		<truncated>0</truncated>
		<difficult>0</difficult>
		<bndbox>
			<xmin>1645</xmin>
			<ymin>114</ymin>
			<xmax>2849</xmax>
			<ymax>930</ymax>
		</bndbox>
	</object>
</annotation>
