<annotation>
	<folder>balls</folder>
	<filename>s1.jpg</filename>
	<path>C:\Users\Ares\Downloads\hack2019\balls\s1.jpg</path>
	<source>
		<database>Unknown</database>
	</source>
	<size>
		<width>275</width>
		<height>183</height>
		<depth>3</depth>
	</size>
	<segmented>0</segmented>
	<object>
		<name>ball</name>
		<pose>Unspecified</pose>
		<truncated>0</truncated>
		<difficult>0</difficult>
		<bndbox>
			<xmin>160</xmin>
			<ymin>35</ymin>
			<xmax>265</xmax>
			<ymax>134</ymax>
		</bndbox>
	</object>
</annotation>
