<annotation>
	<folder>balls</folder>
	<filename>s3.jpg</filename>
	<path>C:\Users\Ares\Downloads\hack2019\balls\s3.jpg</path>
	<source>
		<database>Unknown</database>
	</source>
	<size>
		<width>259</width>
		<height>194</height>
		<depth>3</depth>
	</size>
	<segmented>0</segmented>
	<object>
		<name>ball</name>
		<pose>Unspecified</pose>
		<truncated>1</truncated>
		<difficult>0</difficult>
		<bndbox>
			<xmin>93</xmin>
			<ymin>1</ymin>
			<xmax>259</xmax>
			<ymax>191</ymax>
		</bndbox>
	</object>
</annotation>
