<annotation>
	<folder>balls</folder>
	<filename>s8.jpg</filename>
	<path>C:\Users\Ares\Downloads\hack2019\balls\s8.jpg</path>
	<source>
		<database>Unknown</database>
	</source>
	<size>
		<width>626</width>
		<height>417</height>
		<depth>3</depth>
	</size>
	<segmented>0</segmented>
	<object>
		<name>ball</name>
		<pose>Unspecified</pose>
		<truncated>0</truncated>
		<difficult>0</difficult>
		<bndbox>
			<xmin>83</xmin>
			<ymin>122</ymin>
			<xmax>312</xmax>
			<ymax>336</ymax>
		</bndbox>
	</object>
</annotation>
