<annotation>
	<folder>balls</folder>
	<filename>s9.jpg</filename>
	<path>C:\Users\Ares\Downloads\hack2019\balls\s9.jpg</path>
	<source>
		<database>Unknown</database>
	</source>
	<size>
		<width>300</width>
		<height>200</height>
		<depth>3</depth>
	</size>
	<segmented>0</segmented>
	<object>
		<name>ball</name>
		<pose>Unspecified</pose>
		<truncated>0</truncated>
		<difficult>0</difficult>
		<bndbox>
			<xmin>119</xmin>
			<ymin>34</ymin>
			<xmax>199</xmax>
			<ymax>110</ymax>
		</bndbox>
	</object>
</annotation>
