<annotation>
	<folder>women</folder>
	<filename>women6.jpg</filename>
	<path>C:\Users\hsing.LAPTOP-MA36MISV\Desktop\Hackathon\women\women6.jpg</path>
	<source>
		<database>Unknown</database>
	</source>
	<size>
		<width>460</width>
		<height>259</height>
		<depth>3</depth>
	</size>
	<segmented>0</segmented>
	<object>
		<name>woman</name>
		<pose>Unspecified</pose>
		<truncated>0</truncated>
		<difficult>0</difficult>
		<bndbox>
			<xmin>112</xmin>
			<ymin>4</ymin>
			<xmax>367</xmax>
			<ymax>258</ymax>
		</bndbox>
	</object>
</annotation>
